config.tic,config.sector,trapFit.period_days,trapFit.epoch_bkjd,trapFit.duration_hrs,trapFit.snr,stellar.Teff,stellar.Rad,stellar.dis,planet.rad_earth,planet.sma_au,config.detrendType,disposition.fluxVet.not_trans_like,disposition.fluxVet.sig_sec,disposition.centroidVet.isCentroidFail,disposition.isCandidate,disposition.reasonForFail
389669796, 6,  8.470, 1476.537332,  2.289,323.39,5556.4,1.644, 138.1,  8.26, 0.081,    tess,	0, 0, 1, 0, Centroid offset probability is 1.0e+00
033521997, 6,  3.325, 1479.287347,  1.653,339.24,5394.0,1.283, 931.2, 17.31, 0.044,    tess,	0, 0, 1, 0, Centroid offset probability is 1.0e+00
374860586, 6,  2.933, 1479.373950,  1.708,295.82,5591.9,1.070, 219.7,  4.98, 0.040,    tess,	0, 0, 0, 1, None
264679887, 6,  6.914, 1482.659593,  2.630,522.18,5823.0,0.984, 150.5,  4.46, 0.071,    tess,	0, 0, 0, 1, None
141708335, 6,  4.762, 1480.986915,  2.204,540.71,3384.0,0.424,  48.8,  3.87, 0.041,    tess,	0, 0, 1, 0, Centroid offset probability is 1.0e+00
124199788, 6,  2.353, 1479.100517,  0.778,1445.56,3274.0,0.362,  27.2,  9.87, 0.024,    tess,	0, 1, 1, 0, ODD_EVEN_DIFF
220318793, 6,  1.388, 1479.656504,  0.811,228.03,3889.0,0.707, 210.0, 11.53, 0.021,    tess,	0, 1, 1, 0, ODD_EVEN_DIFF
247717818, 6,  0.739, 1479.932062,  0.944, 85.93,3094.0,0.214,  64.1,  3.61, 0.009,    tess,	0, 0, 1, 0, Centroid offset probability is 1.0e+00
265614546, 6,  5.133, 1479.136717,  1.661,991.41,3648.0,0.484, 129.6, 12.07, 0.046,    tess,	0, 1, 1, 0, SIG_SEC_IN_MODEL_SHIFT
120390724, 6,  3.789, 1480.033308,  1.910,304.91,3345.0,0.355,  67.0,  4.47, 0.033,    tess,	0, 1, 1, 0, SIG_SEC_IN_MODEL_SHIFT
167554898, 6,  4.452, 1479.834093,  3.204,4086.86,6209.0,2.068, 298.3, 17.72, 0.059,    tess,	0, 0, 0, 1, None
438071843, 6,  2.622, 1481.016978,  1.498,1279.26,6021.0,1.661, 419.3, 19.02, 0.039,    tess,	0, 1, 0, 0, ODD_EVEN_DIFF
350480660, 6,  4.460, 1480.093799,  3.059,6797.46,6100.8,1.219, 325.1, 21.50, 0.056,    tess,	0, 1, 0, 0, SIG_SEC_IN_MODEL_SHIFT
048880872, 6,  2.188, 1480.587010,  2.464,637.08,3160.0,0.419, 105.2,  6.41, 0.025,    tess,	0, 1, 1, 0, SIG_SEC_IN_MODEL_SHIFT
143117999, 6,  5.705, 1481.516381,  2.028,531.54,6229.8,2.199,  91.5,  6.21, 0.066,    tess,	0, 1, 0, 0, SIG_SEC_IN_MODEL_SHIFT
020095466, 6,  0.635, 1479.495282,  0.402, 63.29,6039.0,0.981, 114.6,  3.44, 0.015,    tess,	1, 1, 1, 0, SIG_SEC_IN_MODEL_SHIFT-LPP_TOO_HIGH
235347273, 6,  4.263, 1478.238325,  2.211,277.15,3170.0,0.227, 120.4,  4.33, 0.030, nigraha,	0, 0, 1, 0, Centroid offset probability is 1.0e+00
306580215, 6,  1.748, 1480.153147,  1.590,607.45,6087.0,1.308, 300.6,  7.92, 0.029,    tess,	0, 1, 1, 0, ODD_EVEN_DIFF
234568639, 6,  1.130, 1479.306853,  2.359,154.24,3433.0,0.441,  96.5,  2.21, 0.016,    tess,	0, 0, 1, 0, Centroid offset probability is 1.0e+00
235125815, 6,  2.423, 1478.736603,  1.459,173.90,3250.0,0.338, 131.4,  6.49, 0.024,    tess,	0, 0, 0, 1, None
046627823, 6,  6.011, 1482.525314,  4.679,7933.70,6324.0,1.638, 414.5, 21.82, 0.069,    tess,	0, 0, 0, 1, None
302762322, 6, 10.294, 1478.560365,  4.193,3272.78,5354.0,0.844,  35.8,  4.13, 0.090, nigraha,	0, 1, 0, 0, ODD_EVEN_DIFF
264537668, 6,  4.031, 1481.205868,  2.279,4481.93,5972.0,1.207, 340.7, 25.98, 0.050,    tess,	0, 1, 0, 0, SIG_SEC_IN_MODEL_SHIFT
052449797, 6,  2.450, 1479.163081,  3.017,504.95,6348.0,0.902, 179.0,  3.15, 0.037,    tess,	0, 0, 1, 0, Centroid offset probability is 1.0e+00
300560295, 6, 10.294, 1480.033398,  1.361,1671.75,5885.0,1.283, 250.9, 22.35, 0.095,    tess,	0, 0, 1, 0, Centroid offset probability is 1.0e+00
029986808, 6,  1.059, 1479.225998,  0.932,404.54,5654.0,1.264, 218.2,  8.20, 0.022,    tess,	0, 1, 0, 0, ODD_EVEN_DIFF
207051961, 6,  5.898, 1478.477831,  3.273,1288.74,3377.0,0.434, 119.2, 11.16, 0.048,    tess,	0, 1, 0, 0, ODD_EVEN_DIFF
255587619, 6,  9.438, 1478.826803,  3.766,1518.43,6398.0,1.475, 288.8,  9.54, 0.090,    tess,	0, 1, 1, 0, SIG_SEC_IN_MODEL_SHIFT
011356662, 6,  3.246, 1480.267654,  1.831,193.71,5846.0,1.132, 162.2,  3.13, 0.044,    tess,	0, 0, 1, 0, Centroid offset probability is 1.0e+00
337262829, 6,  1.645, 1480.406240,  1.586,380.96,3169.0,0.398, 113.2,  6.10, 0.020,    tess,	0, 1, 1, 0, SIG_SEC_IN_MODEL_SHIFT
219403686, 6,  0.760, 1479.983773,  0.579,129.31,5732.0,1.179, 169.3,  5.16, 0.017,    tess,	0, 1, 1, 0, SIG_SEC_IN_MODEL_SHIFT
290044434, 6,  1.090, 1479.272938,  1.031,198.99,5929.0,0.815,  98.1,  3.02, 0.021,    tess,	0, 0, 1, 0, Centroid offset probability is 1.0e+00
161577376, 6,  8.293, 1479.226427,  3.524,5247.29,5786.0,1.410, 386.4, 23.16, 0.083,    tess,	0, 0, 1, 0, Centroid offset probability is 9.9e-01
284909275, 6,  4.599, 1479.339848,  4.059,11353.83,7162.0,1.813, 477.8, 31.34, 0.065,    tess,	0, 1, 0, 0, SIG_SEC_IN_MODEL_SHIFT
032759110, 6,  2.040, 1479.799097,  0.859,2451.89,3149.0,0.325,  39.2, 13.24, 0.021,    tess,	0, 1, 1, 0, ODD_EVEN_DIFF
232033605, 6,  5.948, 1478.132975,  1.264,357.37,4868.0,0.742,  95.8,  5.09, 0.060, nigraha,	1, 1, 0, 0, INDIV_DEPTHS_NOT_CONSISTENTODD_EVEN_DIFF
279569731, 6,  3.980, 1479.476881,  3.578,408.61,4916.0,0.707,  94.2,  2.19, 0.046,    tess,	0, 0, 0, 1, None
167671107, 6,  3.649, 1478.819264,  3.338,16675.79,6653.5,1.607, 258.5, 26.73, 0.052,    tess,	0, 1, 0, 0, SIG_SEC_IN_MODEL_SHIFT
255548311, 6,  4.963, 1479.763515,  1.424,2577.48,6404.0,1.157, 354.5, 23.91, 0.060,    tess,	0, 1, 0, 0, SIG_SEC_IN_MODEL_SHIFT
365638296, 6,  1.255, 1479.845243,  1.785,148.07,4657.0,0.945, 294.9,  4.70, 0.021, nigraha,	0, 0, 1, 0, Centroid offset probability is 1.0e+00
167656297, 6,  1.132, 1479.385998,  1.171,808.75,4476.0,1.212, 714.1, 28.05, 0.020,    tess,	0, 1, 1, 0, ODD_EVEN_DIFF
443117794, 6,  3.148, 1478.736447,  2.204,900.03,3363.0,0.569, 206.0, 16.30, 0.035,    tess,	0, 1, 1, 0, ODD_EVEN_DIFF
220315592, 6,  1.970, 1479.625550,  1.809,3254.31,3834.0,0.685, 127.2, 15.46, 0.027,    tess,	0, 1, 0, 0, SIG_SEC_IN_MODEL_SHIFT
349308842, 6,  3.585, 1479.054514,  3.419,7373.83,6912.5,1.654, 666.5, 30.57, 0.053,    tess,	0, 1, 1, 0, SIG_SEC_IN_MODEL_SHIFT---ODD_EVEN_DIFF
167696018, 6, 10.140, 1478.511095,  2.661,790.86,4640.0,0.774,  96.8,  5.53, 0.083,    tess,	0, 0, 0, 1, None
037658164, 6, 10.886, 1479.164702,  1.061,166.35,5864.0,0.985,  95.0,  4.65, 0.098, nigraha,	0, 1, 0, 0, ODD_EVEN_DIFF
034507968, 6,  1.092, 1479.239584,  1.590,127.57,5705.0,1.310, 116.0,  1.97, 0.021,    tess,	0, 1, 1, 0, SIG_SEC_IN_MODEL_SHIFT
016805628,21,  4.076, 1880.661323,  0.969,267.48,4861.2,0.880,  94.8,  6.10, 0.046,    tess,	0, 1, 0, 0, SIG_SEC_IN_MODEL_SHIFT
236872887,21,  5.068, 1884.450687, 24.544,301620.01,10425.0,4.003, 383.2, 46.03, 0.080, nigraha,	0, 1, 0, 0, ODD_EVEN_DIFF
156101284,21, 13.002, 1884.989254,  2.700,191.86,7884.0,2.450, 333.4,  5.75, 0.134, nigraha,	0, 1, 1, 0, ODD_EVEN_DIFF
229643811,21,  6.896, 1883.973931,  1.000,325.34,5607.0,0.870,  79.5,  5.31, 0.071, nigraha,	0, 1, 0, 0, ODD_EVEN_DIFF
407591297,21,  2.594, 1883.626387,  0.621, 36.38,3495.0,0.313,  18.5,  1.04, 0.024, nigraha,	0, 0, 0, 1, None
229487733,21, 13.340, 1880.527337,  5.604,775.28,5435.0,0.973, 164.7,  3.96, 0.108,    tess,	0, 0, 1, 0, Centroid offset probability is 1.0e+00
202490797,21,  1.696, 1883.821919,  2.524,6359.57,7457.0,2.923, 268.5, 41.04, 0.033,    tess,	0, 0, 0, 1, None
311188656,21,  2.394, 1883.239020,  1.715,340.23,3679.0,0.549,  85.1,  3.40, 0.029,    tess,	0, 0, 1, 0, Centroid offset probability is 1.0e+00
356630364,21,  0.835, 1883.317084,  0.669,142.75,7568.0,3.561, 301.5, 12.33, 0.021,    tess,	1, 1, 0, 0, SIG_PRI_MINUS_SIG_TER_TOO_LOWSIG_SEC_IN_MODEL_SHIFT-LPP_TOO_HIGH
318357083,21,  3.242, 1884.771861,  3.088,8633.88,6481.1,1.316, 247.5, 17.75, 0.047,    tess,	0, 1, 0, 0, SIG_SEC_IN_MODEL_SHIFT---ODD_EVEN_DIFF
256324377,21,  0.611, 1883.648627,  0.841, 82.84,3652.0,0.584,  29.3,  1.31, 0.012,    tess,	0, 0, 0, 1, None
417930869,21, 13.429, 1883.939009,  2.090,702.86,5361.0,0.824, 119.6,  5.60, 0.108, nigraha,	0, 1, 1, 0, ODD_EVEN_DIFF
219734109,21,  2.800, 1882.198465, 13.300,44152.40,6339.0,1.302, 158.8, 10.23, 0.042, nigraha,	0, 1, 0, 0, ODD_EVEN_DIFF
269696438,21,  2.980, 1883.673570,  2.141,2634.13,10133.0,2.867, 386.5, 20.15, 0.056,    tess,	0, 1, 1, 0, SIG_SEC_IN_MODEL_SHIFT
420110967,21,  0.734, 1883.298776,  0.854,136.61,3914.0,0.617,  70.3,  2.90, 0.013,    tess,	0, 1, 1, 0, SIG_SEC_IN_MODEL_SHIFT
142441910,21,  2.881, 1883.158531,  2.222,25461.77,6376.0,1.171, 134.1, 27.06, 0.043,    tess,	0, 0, 0, 1, None
219846107,21,  0.686, 1883.668244,  1.446,141.08,3128.0,0.213,  56.1,  1.50, 0.009, nigraha,	0, 1, 0, 0, ODD_EVEN_DIFF
392365181,21,  3.014, 1883.085058,  1.544,163.37,4248.0,0.637,  46.2,  1.64, 0.036, nigraha,	0, 0, 0, 1, None
157840032,21,  1.004, 1882.446235,  0.746,209.44,6092.0,1.127, 490.4, 13.47, 0.020,    tess,	0, 1, 0, 0, SIG_SEC_IN_MODEL_SHIFT
219016721,21,  2.091, 1883.168238,  0.945,1281.25,4367.0,0.895, 112.0, 13.70, 0.028,    tess,	0, 0, 1, 0, Centroid offset probability is 1.0e+00
233569141,21,  8.232, 1881.784915,  8.616,36000.93,6695.0,1.743, 224.7, 23.03, 0.090,    tess,	0, 1, 0, 0, SIG_SEC_IN_MODEL_SHIFT---ODD_EVEN_DIFF
157273362,21,  1.000, 1884.121789,  0.840,171.13,6594.5,2.636, 173.6,  6.32, 0.022,    tess,	0, 1, 0, 0, ODD_EVEN_DIFF
424731749,21,  8.078, 1887.314260,  2.826,1019.11,5825.0,0.986,  97.1,  4.61, 0.080, nigraha,	0, 0, 0, 1, None
101546875,21,  4.677, 1881.814893,  4.287,915.16,5883.0,1.664, 173.2,  5.08, 0.056,    tess,	1, 1, 1, 0, SIG_SEC_IN_MODEL_SHIFT-LPP_TOO_HIGH
166012100,21, 13.405, 1883.924871,  2.400,235.38,4761.0,0.738,  52.0,  2.11, 0.101, nigraha,	0, 0, 0, 1, None
004957914,21,  1.247, 1882.393177,  0.736,388.43,3695.0,0.565, 170.2, 14.30, 0.019,    tess,	0, 1, 0, 0, SIG_SEC_IN_MODEL_SHIFT
199610508,21,  7.375, 1884.017352,  5.348,1383.30,5458.0,0.866, 130.3,  4.22, 0.073, nigraha,	0, 0, 0, 1, None
153974380,21, 13.347, 1883.870132,  3.505,607.73,5147.0,0.797, 123.3,  3.78, 0.105, nigraha,	0, 1, 0, 0, ODD_EVEN_DIFF
256368884,21,  4.198, 1885.078597,  5.384,18495.78,6452.0,2.678, 538.3, 42.54, 0.056,    tess,	0, 1, 0, 0, SIG_SEC_IN_MODEL_SHIFT---ODD_EVEN_DIFF
024004619,21,  2.916, 1884.602628,  5.779,40215.41,8951.0,2.049, 161.5, 20.40, 0.052,    tess,	0, 1, 0, 0, SIG_SEC_IN_MODEL_SHIFT
117280404,21, 10.274, 1887.058380,  2.037,229.01,6037.0,1.167, 133.2, 15.66, 0.096,    tess,	0, 0, 0, 1, None
198187777,21, 12.402, 1883.000404,  2.610,333.83,5130.0,0.783,  92.3,  3.00, 0.100, nigraha,	0, 1, 0, 0, ODD_EVEN_DIFF
462575726,21, 13.464, 1884.277014,  0.157,  1.21,7827.0,3.213, 367.4,  3.89, 0.136, nigraha,	1, 0, 1, 0, NO_MODSHIFT-LPP_TOO_HIGH
229944188,21,  0.974, 1883.776294,  1.835,221.55,3915.0,0.586, 128.9,  2.82, 0.016,    tess,	0, 1, 1, 0, SIG_SEC_IN_MODEL_SHIFT
316418974,21,  2.525, 1883.970073, 11.184,37479.16,6932.0,1.827, 188.4, 13.74, 0.042, nigraha,	0, 1, 0, 0, ODD_EVEN_DIFF
445810510,21,  4.940, 1881.608410,  4.389,347.82,6632.0,3.077, 351.2,  5.42, 0.063, nigraha,	0, 0, 0, 1, None
230078848,21,  6.996, 1883.860155,  5.763,3237.90,5906.0,0.965, 240.6,  7.95, 0.073, nigraha,	0, 1, 0, 0, ODD_EVEN_DIFF
017190241,21, 10.349, 1887.018128,  5.135,1613.69,6126.3,1.111, 145.4,  4.95, 0.098, nigraha,	0, 1, 0, 0, SIG_SEC_IN_MODEL_SHIFT---ODD_EVEN_DIFF
356015361,21, 11.260, 1883.042848,  3.269,1651.86,5570.0,1.817, 226.6, 12.13, 0.098,    tess,	0, 1, 0, 0, SIG_SEC_IN_MODEL_SHIFT
147935743,21,  1.159, 1883.646740,  1.508,194.61,6478.0,1.624, 177.9,  3.07, 0.024,    tess,	0, 1, 1, 0, SIG_SEC_IN_MODEL_SHIFT
148656659,21,  1.656, 1882.972804,  2.158,7107.65,5946.8,1.727, 372.8, 33.80, 0.028,    tess,	0, 1, 0, 0, SIG_SEC_IN_MODEL_SHIFT
417835341,21,  7.374, 1885.263013,  3.847,285.71,6522.0,2.820, 250.9,  5.01, 0.082, nigraha,	1, 1, 0, 0, INDIV_DEPTHS_NOT_CONSISTENTODD_EVEN_DIFF
157273362,22,  1.000, 1912.120090,  0.873,179.68,6594.5,2.636, 173.6,  6.46, 0.022,    tess,	0, 1, 0, 0, ODD_EVEN_DIFF
098337456,22, 11.619, 1905.659498,  1.330,1019.72,5341.5,0.752, 106.0,  9.50, 0.098,    tess,	0, 0, 1, 0, Centroid offset probability is 1.0e+00
219882262,22,  1.032, 1912.057126,  1.315,279.30,6393.0,1.722, 273.6,  5.58, 0.022,    tess,	0, 1, 0, 0, ODD_EVEN_DIFF
199549116,22,  1.587, 1912.331994,  1.121,964.35,7757.0,2.634, 275.3, 15.19, 0.033,    tess,	0, 0, 0, 1, None
149470723,22,  1.736, 1910.835920,  1.401,2367.29,6186.1,1.431, 195.3, 14.27, 0.030,    tess,	0, 1, 0, 0, ODD_EVEN_DIFF
202490797,22,  1.697, 1912.658263,  2.511,5757.65,7457.0,2.923, 268.5, 41.06, 0.033,    tess,	0, 0, 0, 1, None
237233879,22, 11.861, 1912.408647,  4.068,998.04,6653.0,1.497, 145.0,  5.79, 0.114, nigraha,	0, 1, 0, 0, ODD_EVEN_DIFF
328862783,22,  5.070, 1909.227110,  1.977,453.08,5794.0,0.979, 124.7,  4.38, 0.059,    tess,	0, 1, 1, 0, ODD_EVEN_DIFF
233087534,22, 12.270, 1912.390525,  1.789,102.20,5296.0,0.958, 130.2,  2.81, 0.101, nigraha,	1, 0, 1, 0, -LPP_TOO_HIGH
311188656,22,  2.396, 1911.973615,  1.795,166.22,3679.0,0.549,  85.1,  2.42, 0.029,    tess,	0, 0, 1, 0, Centroid offset probability is 1.0e+00
269696438,22,  2.979, 1910.484137,  2.122,1854.65,10133.0,2.867, 386.5, 16.88, 0.056,    tess,	0, 0, 1, 0, Centroid offset probability is 1.0e+00
022018606,22, 10.233, 1916.164732,  4.515,2900.89,5522.0,0.850, 167.7,  7.90, 0.091, nigraha,	1, 1, 1, 0, INDIV_DEPTHS_NOT_CONSISTENTODD_EVEN_DIFF
288434140,22,  2.709, 1912.797367,  3.691,9067.50,6683.0,1.707, 645.8, 29.36, 0.043,    tess,	0, 1, 0, 0, SIG_SEC_IN_MODEL_SHIFT
138819130,22, 10.781, 1909.560633,  5.535,5494.05,6115.0,1.889, 572.8, 26.28, 0.100,    tess,	0, 0, 0, 1, None
095778110,22,  1.532, 1911.701456,  1.700,931.16,5322.0,1.164, 142.5,  6.94, 0.025,    tess,	0, 0, 1, 0, Centroid offset probability is 1.0e+00
229944188,22,  0.974, 1912.027686,  1.861,205.64,3915.0,0.586, 128.9,  2.90, 0.016,    tess,	0, 0, 1, 0, Centroid offset probability is 1.0e+00
354034635,22,  1.487, 1911.454948,  1.110,114.95,3408.0,0.405,  66.5,  2.72, 0.019,    tess,	0, 0, 1, 0, Centroid offset probability is 1.0e+00
232977165,22,  0.757, 1911.800863,  0.359, 36.00,5114.0,0.819, 151.4,  3.23, 0.015,    tess,	0, 1, 0, 0, SIG_SEC_IN_MODEL_SHIFT
014948284,22,  2.706, 1913.081023,  3.355,708.90,7178.0,2.469, 103.6, 52.40, 0.044,    tess,	0, 1, 0, 0, SIG_SEC_IN_MODEL_SHIFT
165453878,22,  2.706, 1912.844911,  2.547,9201.52,5961.4,1.140, 281.5, 24.25, 0.039,    tess,	0, 0, 0, 1, None
230130277,22,  1.104, 1911.790030,  0.867, 58.23,9263.0,2.819, 231.0, 10.11, 0.028, nigraha,	0, 1, 0, 0, ODD_EVEN_DIFF
148656659,22,  1.657, 1911.135166,  2.135,6800.59,5946.8,1.727, 372.8, 33.65, 0.028,    tess,	0, 1, 0, 0, SIG_SEC_IN_MODEL_SHIFT---ODD_EVEN_DIFF
253042928,22, 10.457, 1916.486084,  3.308,466.12,5688.0,0.884,  94.5,  5.54, 0.094, nigraha,	0, 1, 0, 0, ODD_EVEN_DIFF
359676320,22,  0.995, 1912.249875,  0.409, 75.92,5278.0,0.903,  82.3,  3.91, 0.019,    tess,	1, 0, 0, 0, SIG_PRI_OVER_FRED_TOO_LOW---SIG_PRI_MINUS_SIG_TER_TOO_LOW---SINUSOIDAL_VIA_MODSHIFT
150326668,22,  2.956, 1913.529976,  2.964,8549.71,6154.7,1.463, 560.4, 32.11, 0.042,    tess,	0, 1, 0, 0, SIG_SEC_IN_MODEL_SHIFT
207397638,22,  4.017, 1911.724594,  6.419,1625.61,7838.0,3.235, 309.4, 42.73, 0.061,    tess,	0, 0, 0, 1, None
397058826,23,  6.822, 1937.726349,  9.330,7159.78,9333.0,4.338, 212.0, 13.25, 0.094,    tess,	0, 1, 1, 0, ODD_EVEN_DIFF
198382308,23,  2.082, 1943.491630,  2.255,481.57,5908.0,1.237, 410.7,  7.05, 0.033,    tess,	0, 1, 0, 0, SIG_SEC_IN_MODEL_SHIFT
162694128,23,  1.334, 1944.976282,  1.200,149.78,5010.1,0.717, 143.3,  3.15, 0.022,    tess,	0, 1, 0, 0, ODD_EVEN_DIFF
307957997,23,  4.316, 1943.494328,  1.488,139.80,3452.0,0.390, 121.0,  4.33, 0.038,    tess,	0, 0, 1, 0, Centroid offset probability is 1.0e+00
219095755,23,  8.909, 1948.448792,  2.343,554.90,5976.0,1.498, 354.6, 10.07, 0.087,    tess,	0, 0, 1, 0, Centroid offset probability is 1.0e+00
199549116,23,  1.585, 1945.634231,  1.079,774.49,7757.0,2.634, 275.3, 15.06, 0.033,    tess,	0, 1, 0, 0, ODD_EVEN_DIFF
027434899,23,  0.735, 1940.803721,  0.469, 51.85,5996.7,2.571,  67.0,  4.47, 0.016,    tess,	0, 1, 0, 0, SIG_SEC_IN_MODEL_SHIFT
275633324,23,  1.266, 1943.878381,  1.235,284.53,3910.0,0.638, 117.6,  4.37, 0.020,    tess,	0, 0, 0, 1, None
105655329,23,  1.800, 1939.951064,  0.854,171.36,5310.6,0.957, 149.4,  5.23, 0.028,    tess,	0, 1, 0, 0, SIG_SEC_IN_MODEL_SHIFT
269696438,23,  2.977, 1946.227801,  2.100,1405.39,10133.0,2.867, 386.5, 15.76, 0.056,    tess,	0, 0, 1, 0, Centroid offset probability is 1.0e+00
359676320,23,  0.995, 1944.593481,  0.439, 76.46,5278.0,0.903,  82.3,  3.91, 0.019,    tess,	1, 0, 0, 0, SIG_PRI_OVER_FRED_TOO_LOW---SINUSOIDAL_VIA_MODSHIFT
288454223,23,  5.683, 1940.787222,  2.919,1080.52,4454.4,0.703,  80.0,  5.13, 0.055, nigraha,	0, 1, 0, 0, SIG_SEC_IN_MODEL_SHIFT
202490797,23,  1.697, 1944.887241,  2.523,5113.44,7457.0,2.923, 268.5, 40.87, 0.033,    tess,	0, 1, 0, 0, SIG_SEC_IN_MODEL_SHIFT
393639812,23,  1.737, 1939.736740,  2.868,19590.62,9120.0,2.350, 132.6, 32.67, 0.037,    tess,	0, 1, 0, 0, SIG_SEC_IN_MODEL_SHIFT
232977165,23,  0.757, 1945.465591,  0.322, 37.24,5114.0,0.819, 151.4,  3.61, 0.015,    tess,	0, 1, 0, 0, SIG_SEC_IN_MODEL_SHIFT
288434140,23,  2.708, 1939.898851,  3.687,6729.17,6683.0,1.707, 645.8, 29.17, 0.043,    tess,	0, 1, 0, 0, SIG_SEC_IN_MODEL_SHIFT
199608547,23,  1.917, 1944.670645,  1.022, 48.36,3965.0,0.562, 122.2,  2.54, 0.025, nigraha,	0, 0, 0, 1, None
219882262,23,  1.032, 1944.069556,  1.189,198.33,6393.0,1.722, 273.6,  5.59, 0.022,    tess,	0, 1, 0, 0, ODD_EVEN_DIFF
258388363,23,  0.793, 1945.468227,  1.684,840.03,7124.0,4.871, 152.2, 68.77, 0.020, nigraha,	0, 1, 0, 0, ODD_EVEN_DIFF
230389303,24,  7.685, 1972.625906,  2.049,404.95,3606.0,0.518, 246.6, 17.96, 0.061,    tess,	0, 0, 1, 0, Centroid offset probability is 1.0e+00
165531514,24,  3.111, 1970.111945,  3.292,598.94,5929.4,1.335, 498.5,  8.16, 0.043,    tess,	0, 0, 1, 0, Centroid offset probability is 1.0e+00
229503517,24,  3.972, 1968.526259,  1.969,458.64,6477.0,1.499, 646.0, 13.34, 0.054,    tess,	0, 1, 1, 0, SIG_SEC_IN_MODEL_SHIFT
229675762,24,  0.723, 1969.822579,  0.577,140.09,3475.0,0.539, 217.8, 11.61, 0.013,    tess,	0, 1, 0, 0, ODD_EVEN_DIFF
311188656,24,  2.394, 1969.438401,  1.656,360.39,3679.0,0.549,  85.1,  3.83, 0.029,    tess,	0, 0, 1, 0, Centroid offset probability is 1.0e+00
230050959,24,  2.254, 1969.178114,  1.170,234.12,6168.0,1.965, 753.2, 14.43, 0.036,    tess,	0, 1, 0, 0, SIG_SEC_IN_MODEL_SHIFT
368736506,24,  0.987, 1969.944840,  0.579,279.08,3387.0,0.358, 103.4, 10.68, 0.014,    tess,	0, 1, 1, 0, ODD_EVEN_DIFF
229740848,24,  1.542, 1969.552896,  1.245,618.21,5767.0,1.037, 426.5, 11.52, 0.026,    tess,	0, 1, 0, 0, ODD_EVEN_DIFF
284564211,24,  2.557, 1968.552602,  1.340,143.98,6559.0,1.778, 865.4, 10.44, 0.041,    tess,	0, 0, 0, 1, None
199662939,24,  2.293, 1970.051971,  1.522,221.99,5738.8,1.354, 577.4,  8.39, 0.034,    tess,	0, 0, 0, 1, None
279081935,24,  2.857, 1968.649089,  2.390,7333.43,8644.0,3.356, 753.8, 60.94, 0.051,    tess,	0, 1, 1, 0, SIG_SEC_IN_MODEL_SHIFT
269696438,24,  2.981, 1970.061526,  2.180,2796.46,10133.0,2.867, 386.5, 20.82, 0.056,    tess,	0, 1, 1, 0, SIG_SEC_IN_MODEL_SHIFT
307957997,24,  4.314, 1969.379603,  1.533,280.51,3452.0,0.390, 121.0,  6.52, 0.038,    tess,	0, 0, 1, 0, Centroid offset probability is 1.0e+00
162694128,24,  1.333, 1968.985013,  1.321,192.78,5010.1,0.717, 143.3,  3.10, 0.022,    tess,	0, 1, 0, 0, ODD_EVEN_DIFF
356632361,24,  2.610, 1970.688749,  0.792,524.54,6039.0,1.076, 202.8, 11.94, 0.039,    tess,	0, 1, 0, 0, ODD_EVEN_DIFF
322129367,24,  2.719, 1968.739604,  6.015,32237.99,8837.0,4.169, 942.2, 75.64, 0.050,    tess,	0, 0, 0, 1, None
198420098,24,  0.895, 1969.321429,  1.031,169.46,6326.0,1.459, 527.4,  8.04, 0.020,    tess,	0, 1, 0, 0, ODD_EVEN_DIFF
258918835,24,  5.983, 1967.701935,  2.160,191.92,4641.0,0.710, 216.3,  4.48, 0.058,    tess,	0, 0, 0, 1, None
357098442,24,  6.818, 1970.043348,  1.448,385.81,5732.0,1.011, 225.0,  7.37, 0.071, nigraha,	0, 1, 0, 0, ODD_EVEN_DIFF
268618498,24,  1.704, 1969.462915,  1.509,323.03,3908.0,0.573, 135.3,  5.25, 0.023,    tess,	0, 0, 1, 0, Centroid offset probability is 1.0e+00
372207328,24,  0.837, 1969.779158,  0.253, 23.87,3358.0,0.296,  20.5,  1.15, 0.011,    tess,	1, 1, 0, 0, SIG_PRI_MINUS_SIG_TER_TOO_LOWSIG_SEC_IN_MODEL_SHIFT
271241950,24,  4.307, 1970.175038,  3.725,3207.33,3225.0,0.265,  57.9,  9.61, 0.032,    tess,	0, 1, 0, 0, ODD_EVEN_DIFF
219882262,24,  1.033, 1969.889138,  1.364,304.83,6393.0,1.722, 273.6,  5.63, 0.022,    tess,	0, 1, 0, 0, ODD_EVEN_DIFF
219095755,24,  8.912, 1966.263104,  2.396,797.61,5976.0,1.498, 354.6, 12.04, 0.087,    tess,	0, 0, 1, 0, Centroid offset probability is 1.0e+00
255930827,24,  0.850, 1969.218534,  0.705, 79.45,6288.1,1.700, 107.1,  3.23, 0.019,    tess,	0, 1, 1, 0, SIG_SEC_IN_MODEL_SHIFT
219474870,24,  3.867, 1969.433814,  1.373,3763.53,5558.2,0.811, 138.9, 16.66, 0.048,    tess,	0, 1, 0, 0, SIG_SEC_IN_MODEL_SHIFT---ODD_EVEN_DIFF
219865181,24,  1.118, 1969.960179,  0.977,236.45,5260.0,0.768, 208.4,  5.85, 0.020,    tess,	0, 1, 1, 0, SIG_SEC_IN_MODEL_SHIFT
373328406,24,  6.892, 1967.610468,  1.713,4239.15,5807.0,1.219, 219.9, 24.97, 0.072,    tess,	0, 1, 0, 0, SIG_SEC_IN_MODEL_SHIFT
388076435,24,  2.577, 1969.363628,  0.916, 53.89,6043.0,1.137, 117.3,  2.41, 0.038, nigraha,	0, 0, 0, 1, None
376997143,24, 11.883, 1973.979212,  2.595,718.06,5820.0,1.082, 583.3, 16.62, 0.104,    tess,	0, 1, 1, 0, SIG_SEC_IN_MODEL_SHIFT
326792143,24,  1.105, 1969.216934,  1.735,727.60,7203.3,4.631,1246.1, 65.05, 0.025, nigraha,	0, 1, 1, 0, ODD_EVEN_DIFF
283819120,24,  1.119, 1968.784285,  1.615,468.41,7199.9,1.469,3874.1, 47.24, 0.025,    tess,	1, 0, 1, 0, SIG_PRI_OVER_FRED_TOO_LOW-LPP_TOO_HIGH
264051559,24,  5.458, 1969.571278,  2.607,798.78,5401.0,0.778, 155.3,  5.37, 0.059,    tess,	0, 0, 1, 0, Centroid offset probability is 1.0e+00
229487005,24,  0.910, 1969.149362,  1.217, 88.45,5158.0,0.849, 196.0,  2.70, 0.018,    tess,	0, 1, 1, 0, SIG_SEC_IN_MODEL_SHIFT
258177087,24,  3.484, 1970.637138,  1.129, 69.97,5304.9,0.769,  26.6,  1.23, 0.044,    tess,	0, 0, 0, 1, None
156067195,24,  1.775, 1970.138680,  0.668,1684.35,3215.0,0.375,  22.1,  8.88, 0.020,    tess,	0, 1, 1, 0, ODD_EVEN_DIFF
230016502,24,  2.960, 1969.511577,  1.953,733.27,6055.0,1.710, 985.6, 21.21, 0.042,    tess,	0, 0, 1, 0, Centroid offset probability is 1.0e+00
321864797,24, 13.242, 1962.888871,  1.991,1107.11,5586.0,1.945, 398.2, 22.27, 0.109,    tess,	0, 1, 1, 0, SIG_SEC_IN_MODEL_SHIFT
229446477,24,  0.658, 1969.553484,  1.009,180.95,5883.0,0.930, 496.1,  8.66, 0.015,    tess,	0, 1, 0, 0, ODD_EVEN_DIFF
388431711,24,  3.753, 1968.476823,  2.308,35809.56,9740.0,3.520, 907.8,162.79, 0.064,    tess,	0, 0, 1, 0, Centroid offset probability is 1.0e+00
008444713,24,  9.405, 1969.229946,  3.221,7238.93,6536.0,1.629, 315.6, 27.23, 0.096,    tess,	0, 0, 1, 0, Centroid offset probability is 1.0e+00
353077789,24,  1.838, 1968.815761,  3.004,18229.96,9372.0,2.578, 649.1, 60.78, 0.039,    tess,	0, 1, 0, 0, SIG_SEC_IN_MODEL_SHIFT
316416562,24,  3.217, 1969.359349,  2.957,899.27,5382.4,0.933, 134.0,  4.50, 0.042, nigraha,	1, 1, 0, 0, INDIV_DEPTHS_NOT_CONSISTENT---SINUSOIDAL_VIA_MODSHIFTODD_EVEN_DIFF-LPP_TOO_HIGH
258548745,24,  3.064, 1970.272965,  1.642,1457.44,5770.0,1.981, 485.0, 30.54, 0.042,    tess,	0, 1, 1, 0, ODD_EVEN_DIFF
233539736,24,  0.654, 1969.609227,  1.921,789.51,7388.0,4.984,1252.7,134.56, 0.018,    tess,	1, 0, 0, 0, NO_MODSHIFT-LPP_TOO_HIGH
311236477,24,  3.132, 1969.166651,  2.164,718.50,6250.0,1.017, 444.0,  9.24, 0.045,    tess,	0, 1, 0, 0, ODD_EVEN_DIFF
083222019,24,  5.821, 1970.188245,  4.333,10546.90,6287.0,2.675, 504.9, 44.75, 0.068,    tess,	0, 1, 0, 0, SIG_SEC_IN_MODEL_SHIFT---ODD_EVEN_DIFF
219780464,24,  1.001, 1969.516460,  0.900,367.11,5744.0,1.084, 315.6,  9.96, 0.020,    tess,	0, 1, 0, 0, ODD_EVEN_DIFF
230007816,24,  2.624, 1970.420062,  1.813,177.88,6239.0,1.841, 796.5,  9.13, 0.040,    tess,	0, 0, 1, 0, Centroid offset probability is 1.0e+00
158016876,24,  0.981, 1969.511276,  1.232,101.62,3042.0,0.196,  41.5,  1.67, 0.011, nigraha,	0, 1, 0, 0, ODD_EVEN_DIFF
256368884,24,  4.196, 1969.063344,  5.456,19796.39,6452.0,2.678, 538.3, 43.84, 0.056,    tess,	0, 1, 0, 0, SIG_SEC_IN_MODEL_SHIFT
316490067,24,  1.759, 1969.096329,  1.431,250.95,6269.0,1.128, 490.7,  6.82, 0.030,    tess,	0, 1, 1, 0, SIG_SEC_IN_MODEL_SHIFT
330847328,24, 13.243, 1975.517979,  2.376,1352.27,5368.0,0.831, 178.1, 11.01, 0.107,    tess,	0, 1, 1, 0, SIG_SEC_IN_MODEL_SHIFT
318621658,24,  1.864, 1968.773138,  8.401,25836.22,7897.0,3.031, 312.9, 20.97, 0.037, nigraha,	0, 1, 0, 0, ODD_EVEN_DIFF
233058265,24,  9.218, 1970.270557,  2.088,888.58,5952.0,1.506, 488.4, 17.37, 0.089,    tess,	0, 0, 1, 0, Centroid offset probability is 1.0e+00
193971913,24,  3.792, 1969.749341,  3.351,22575.59,6483.0,1.563, 198.7, 30.79, 0.052,    tess,	0, 1, 0, 0, SIG_SEC_IN_MODEL_SHIFT
161821167,24, 13.124, 1969.245518,  3.991,317.67,6027.0,1.134, 161.6,  5.01, 0.113, nigraha,	0, 0, 1, 0, Centroid offset probability is 1.0e+00
343328765,24,  5.841, 1968.094640,  2.576,387.93,5715.0,0.773, 154.7,  3.49, 0.064,    tess,	0, 0, 1, 0, Centroid offset probability is 1.0e+00
229434204,24, 13.035, 1970.137350,  1.299,1272.02,6064.0,0.972, 240.6, 18.33, 0.113,    tess,	0, 0, 1, 0, Centroid offset probability is 1.0e+00
1400994843,24,  8.421, 1966.893266,  2.318,299.95,5366.0,0.743,  12.8,  2.76, 0.079, nigraha,	0, 0, 0, 1, None
420114776,24,  3.235, 1969.919579,  2.029,1563.63,5417.0,0.877, 466.1, 46.48, 0.042,    tess,	1, 0, 0, 0, SINUSOIDAL_VIA_MODSHIFT
258918835,25,  5.984, 1997.623022,  2.196,427.68,4641.0,0.710, 216.3,  6.80, 0.058,    tess,	0, 0, 1, 0, Centroid offset probability is 1.0e+00
307957997,25,  4.314, 1995.277532,  1.581,227.80,3452.0,0.390, 121.0,  6.18, 0.038,    tess,	0, 0, 1, 0, Centroid offset probability is 1.0e+00
388076435,25,  2.576, 1997.698201,  1.154,105.73,6043.0,1.137, 117.3,  2.80, 0.038,    tess,	0, 0, 0, 1, None
085512095,25,  0.997, 1997.415473,  0.714, 77.18,6192.7,2.257, 125.8,  5.02, 0.021,    tess,	0, 1, 0, 0, SIG_SEC_IN_MODEL_SHIFT
354246759,25,  3.561, 1995.675695,  2.529,474.74,5944.0,0.875, 172.3,  3.93, 0.047,    tess,	0, 1, 1, 0, ODD_EVEN_DIFF
420947520,25,  1.799, 1997.910666,  3.595,8797.42,8136.0,2.050, 574.4, 35.18, 0.036,    tess,	0, 1, 0, 0, SIG_SEC_IN_MODEL_SHIFT
279081935,25,  2.856, 2000.075311,  2.370,6096.89,8644.0,3.356, 753.8, 56.16, 0.051,    tess,	0, 1, 1, 0, SIG_SEC_IN_MODEL_SHIFT---ODD_EVEN_DIFF
269696438,25,  2.977, 1996.871426,  2.212,2278.68,10133.0,2.867, 386.5, 18.06, 0.056,    tess,	0, 0, 1, 0, Centroid offset probability is 1.0e+00
119973835,25,  5.756, 1997.177968,  2.032,165.75,5212.0,0.864,  68.7,  1.87, 0.060,    tess,	0, 1, 0, 0, SIG_SEC_IN_MODEL_SHIFT
311188656,25,  2.394, 1995.777017,  1.733,370.36,3679.0,0.549,  85.1,  4.11, 0.029,    tess,	0, 0, 1, 0, Centroid offset probability is 1.0e+00
229675762,25,  0.723, 1995.145503,  0.656,128.01,3475.0,0.539, 217.8, 10.69, 0.013,    tess,	0, 1, 0, 0, ODD_EVEN_DIFF
373328406,25,  6.900, 1995.192575,  1.702,4082.05,5807.0,1.219, 219.9, 25.00, 0.072,    tess,	0, 1, 1, 0, SIG_SEC_IN_MODEL_SHIFT---ODD_EVEN_DIFF
422987634,25,  4.455, 1998.040716,  3.326,6549.03,6266.9,1.490, 587.9, 29.88, 0.057,    tess,	0, 0, 0, 1, None
230050959,25,  2.255, 1996.236846,  1.274,229.74,6168.0,1.965, 753.2, 13.84, 0.036,    tess,	0, 1, 0, 0, SIG_SEC_IN_MODEL_SHIFT
162694128,25,  2.668, 1995.666907,  1.269,188.85,5010.1,0.717, 143.3,  4.03, 0.035,    tess,	0, 0, 0, 1, None
420114776,25,  3.235, 1995.800312,  1.980,1186.15,5417.0,0.877, 466.1, 32.55, 0.042,    tess,	0, 1, 0, 0, SIG_SEC_IN_MODEL_SHIFT
165531514,25,  3.106, 1998.072488,  3.124,541.75,5929.4,1.335, 498.5,  9.08, 0.043,    tess,	0, 0, 1, 0, Centroid offset probability is 1.0e+00
219882262,25,  1.033, 1996.738227,  1.267,276.57,6393.0,1.722, 273.6,  5.86, 0.022,    tess,	0, 1, 0, 0, ODD_EVEN_DIFF
229740848,25,  3.085, 1995.786082,  1.235,518.69,5767.0,1.037, 426.5, 14.07, 0.042,    tess,	0, 1, 0, 0, SIG_SEC_IN_MODEL_SHIFT
311357432,25, 11.316, 2002.600518,  1.240,232.60,5932.0,1.006,  88.0,  4.81, 0.101,    tess,	0, 1, 1, 0, SIG_SEC_IN_MODEL_SHIFT
008444713,25,  9.416, 1997.453230,  3.531,8302.33,6536.0,1.629, 315.6, 26.62, 0.096,    tess,	0, 1, 0, 0, SIG_SEC_IN_MODEL_SHIFT
322129367,25,  2.720, 1995.927711,  6.154,32378.92,8837.0,4.169, 942.2, 76.25, 0.050,    tess,	0, 1, 0, 0, SIG_SEC_IN_MODEL_SHIFT
219780464,25,  1.001, 1997.528790,  0.929,326.71,5744.0,1.084, 315.6,  9.60, 0.020,    tess,	0, 1, 0, 0, ODD_EVEN_DIFF
326149070,25,  1.952, 1997.840624,  1.608,1398.18,4952.0,0.694, 132.2,  7.51, 0.029,    tess,	0, 1, 1, 0, SIG_SEC_IN_MODEL_SHIFT
233195052,25,  2.679, 1995.851437,  2.607,477.14,3954.0,0.594, 373.0, 12.10, 0.032,    tess,	0, 0, 0, 1, None
143114211,25,  6.636, 1994.782335,  1.002, 77.17,6042.0,0.750, 108.6,  2.75, 0.072,    tess,	0, 0, 0, 1, None
219777401,25,  4.609, 1997.591665,  2.528,374.87,5431.0,0.833, 327.6,  6.29, 0.053,    tess,	0, 0, 1, 0, Centroid offset probability is 1.0e+00
154573032,25,  1.542, 1997.471653,  1.588,526.80,6076.0,1.069,  88.3,  3.23, 0.027,    tess,	0, 1, 1, 0, ODD_EVEN_DIFF
230016502,25,  2.961, 1996.154974,  2.041,656.30,6055.0,1.710, 985.6, 20.58, 0.042,    tess,	0, 0, 1, 0, Centroid offset probability is 1.0e+00
388529207,25,  7.372, 2000.278602,  2.661,5248.40,6227.0,1.048, 345.1, 24.04, 0.079,    tess,	0, 0, 1, 0, Centroid offset probability is 1.0e+00
219866044,25,  3.664, 1998.309526,  0.382, 15.58,4811.0,0.917, 436.1,  7.39, 0.043, nigraha,	1, 0, 0, 0, SIG_PRI_OVER_FRED_TOO_LOW---SIG_PRI_MINUS_SIG_TER_TOO_LOW---SIG_PRI_MINUS_SIG_POS_TOO_LOW---SINUSOIDAL_VIA_MODSHIFT-LPP_TOO_HIGH
219095755,25,  8.908, 1992.988831,  2.567,372.42,5976.0,1.498, 354.6,  7.85, 0.087,    tess,	0, 0, 1, 0, Centroid offset probability is 1.0e+00
311236477,25,  3.134, 1997.357124,  2.244,687.40,6250.0,1.017, 444.0,  8.75, 0.045,    tess,	0, 1, 1, 0, ODD_EVEN_DIFF
219865181,25,  1.118, 1996.786532,  0.955,165.63,5260.0,0.768, 208.4,  4.92, 0.020,    tess,	1, 1, 1, 0, INDIV_DEPTHS_NOT_CONSISTENTSIG_SEC_IN_MODEL_SHIFT
233569141,25,  8.237, 1997.041343,  8.819,39816.58,6695.0,1.743, 224.7, 23.29, 0.090,    tess,	0, 0, 1, 0, Centroid offset probability is 1.0e+00
402656371,25, 12.836, 1996.965824,  3.021,359.27,7432.0,1.863, 171.3,  5.05, 0.128, nigraha,	0, 0, 1, 0, Centroid offset probability is 1.0e+00
375854079,25, 11.883, 1998.103191,  9.181,101624.23,10461.0,3.103, 683.4, 85.59, 0.142,    tess,	0, 0, 1, 0, Centroid offset probability is 1.0e+00
420114700,25, 11.725, 1998.397978,  4.917,312.73,9626.0,2.234, 331.3,  4.06, 0.136, nigraha,	0, 0, 1, 0, Centroid offset probability is 1.0e+00
264051559,25,  5.462, 1996.890923,  2.993,860.81,5401.0,0.778, 155.3,  5.36, 0.059,    tess,	0, 0, 0, 1, None
397100292,25,  5.033, 1993.691183,  3.356,14486.52,6384.0,1.238, 285.8, 27.71, 0.062,    tess,	0, 1, 0, 0, SIG_SEC_IN_MODEL_SHIFT---ODD_EVEN_DIFF
236817949,25,  0.630, 2000.725642,  0.709, 62.05,7154.0,1.420, 918.5,  8.97, 0.017,    tess,	0, 1, 0, 0, SIG_SEC_IN_MODEL_SHIFT
276231175,25,  0.792, 1997.296998,  0.939, 76.21,6423.0,1.284, 191.5,  2.78, 0.018,    tess,	0, 1, 0, 0, SIG_SEC_IN_MODEL_SHIFT
388431711,25,  3.754, 1998.507679,  2.312,32558.29,9740.0,3.520, 907.8,163.48, 0.064,    tess,	0, 1, 1, 0, ODD_EVEN_DIFF
470677450,25,  4.491, 1999.054180,  3.906,7912.91,5724.0,2.600, 494.4, 39.00, 0.054,    tess,	0, 1, 1, 0, SIG_SEC_IN_MODEL_SHIFT
230007816,25,  2.625, 1996.690018,  2.061,694.18,6239.0,1.841, 796.5, 18.07, 0.040,    tess,	1, 0, 1, 0, INDIV_DEPTHS_NOT_CONSISTENT
085379511,25,  9.455, 1993.368595,  3.680,673.66,4116.0,0.673,  39.1,  2.51, 0.075, nigraha,	0, 0, 1, 0, Centroid offset probability is 1.0e+00
353077789,25,  1.839, 2000.079713,  3.050,15977.65,9372.0,2.578, 649.1, 59.16, 0.039,    tess,	0, 1, 1, 0, SIG_SEC_IN_MODEL_SHIFT---ODD_EVEN_DIFF
349444267,25,  7.457, 1993.768547,  1.406,2301.61,8849.0,2.376, 173.0, 20.50, 0.098,    tess,	0, 1, 0, 0, SIG_SEC_IN_MODEL_SHIFT
379167988,25,  3.517, 1997.137159,  2.449,240.25,3850.0,0.502,  47.2,  1.95, 0.036,    tess,	0, 0, 1, 0, Centroid offset probability is 1.0e+00
219474870,25,  3.865, 1996.501551,  1.397,3726.47,5558.2,0.811, 138.9, 16.76, 0.048,    tess,	0, 1, 0, 0, SIG_SEC_IN_MODEL_SHIFT---ODD_EVEN_DIFF
198181553,25,  1.411, 1997.540912,  1.148,299.55,3779.0,0.629, 311.0, 27.12, 0.021,    tess,	0, 1, 0, 0, ODD_EVEN_DIFF
198382308,25,  2.079, 1997.588894,  2.624,307.81,5908.0,1.237, 410.7,  5.54, 0.033,    tess,	0, 0, 0, 1, None
274238240,25,  6.203, 1998.589479,  5.670,17532.82,6445.0,2.051, 337.6, 28.25, 0.072,    tess,	0, 1, 0, 0, SIG_SEC_IN_MODEL_SHIFT
313739038,25,  1.204, 1997.083783,  5.665,110875.23,8101.0,3.990, 378.0, 68.84, 0.028, nigraha,	0, 1, 0, 0, ODD_EVEN_DIFF
468739039,25,  2.992, 1997.519335,  3.670,364.51,6390.0,1.367, 232.0,  3.44, 0.044,    tess,	0, 0, 0, 1, None
357939252,25, 11.883, 1995.242316, 12.878,2746.58,5732.0,0.942, 139.5,  3.55, 0.103, nigraha,	1, 0, 0, 0, NO_MODSHIFT-LPP_TOO_HIGH
039903672,25,  3.032, 1995.736127,  1.266,1382.55,5923.6,1.292, 396.9, 21.35, 0.042,    tess,	0, 1, 0, 0, SIG_SEC_IN_MODEL_SHIFT
307957997,26,  4.318, 2021.162109,  1.815,164.74,3452.0,0.390, 121.0,  4.20, 0.038,    tess,	0, 0, 1, 0, Centroid offset probability is 1.0e+00
258918835,26,  5.980, 2021.569746,  2.078,333.19,4641.0,0.710, 216.3,  6.28, 0.058,    tess,	0, 0, 1, 0, Centroid offset probability is 1.0e+00
229597404,26,  6.371, 2023.451844,  0.910,254.95,4246.0,0.825, 204.2, 12.27, 0.059,    tess,	0, 1, 0, 0, SIG_SEC_IN_MODEL_SHIFT
198382308,26,  2.080, 2022.565374,  2.048,329.18,5908.0,1.237, 410.7,  7.87, 0.033,    tess,	0, 1, 0, 0, SIG_SEC_IN_MODEL_SHIFT
230389303,26,  7.689, 2026.463123,  2.110,476.21,3606.0,0.518, 246.6, 17.28, 0.061,    tess,	0, 0, 1, 0, Centroid offset probability is 1.0e+00
311188656,26,  2.394, 2022.114079,  1.615,227.85,3679.0,0.549,  85.1,  3.15, 0.029,    tess,	0, 0, 0, 1, None
298969838,26, 10.115, 2019.443216,  1.421,199.80,4834.0,0.895, 847.5, 27.62, 0.084,    tess,	0, 0, 0, 1, None
229675762,26,  0.724, 2023.363437,  0.655,162.69,3475.0,0.539, 217.8, 10.93, 0.013,    tess,	0, 1, 1, 0, ODD_EVEN_DIFF
219882262,26,  2.067, 2023.589422,  1.337,300.06,6393.0,1.722, 273.6,  6.89, 0.034,    tess,	0, 1, 1, 0, SIG_SEC_IN_MODEL_SHIFT
362103921,26, 10.092, 2024.281749,  2.749,336.86,4959.0,0.810, 165.8,  4.32, 0.085,    tess,	0, 0, 1, 0, Centroid offset probability is 1.0e+00
470992031,26, 11.549, 2023.735134,  7.021,5745.84,5762.0,1.248, 153.9, 11.03, 0.101, nigraha,	0, 1, 0, 0, ODD_EVEN_DIFF
229740848,26,  1.543, 2023.557798,  1.168,519.88,5767.0,1.037, 426.5, 11.84, 0.026,    tess,	0, 0, 1, 0, Centroid offset probability is 9.9e-01
219777401,26,  4.608, 2025.242514,  2.787,472.98,5431.0,0.833, 327.6,  6.12, 0.053,    tess,	0, 0, 1, 0, Centroid offset probability is 1.0e+00
188780093,26,  6.431, 2023.220322,  4.581,1561.10,3846.0,0.633,  49.7,  3.71, 0.058, nigraha,	1, 1, 0, 0, INDIV_DEPTHS_NOT_CONSISTENT---SINUSOIDAL_VIA_MODSHIFTODD_EVEN_DIFF
219780464,26,  1.000, 2023.539471,  0.933,358.55,5744.0,1.084, 315.6,  9.78, 0.020,    tess,	0, 1, 0, 0, ODD_EVEN_DIFF
230050959,26,  2.253, 2023.294873,  0.874,123.86,6168.0,1.965, 753.2, 14.06, 0.036,    tess,	0, 1, 0, 0, SIG_SEC_IN_MODEL_SHIFT
165531514,26,  3.106, 2022.926324,  2.709,570.67,5929.4,1.335, 498.5, 10.53, 0.043,    tess,	0, 0, 1, 0, Centroid offset probability is 1.0e+00
085512095,26,  0.997, 2022.848701,  0.667,114.27,6192.7,2.257, 125.8,  5.65, 0.021,    tess,	0, 1, 0, 0, SIG_SEC_IN_MODEL_SHIFT
376997143,26, 11.867, 2021.505490,  2.532,334.56,5820.0,1.082, 583.3, 12.19, 0.103,    tess,	0, 1, 1, 0, SIG_SEC_IN_MODEL_SHIFT
269696438,26,  2.976, 2023.679938,  2.213,1825.07,10133.0,2.867, 386.5, 16.86, 0.056,    tess,	0, 0, 1, 0, Centroid offset probability is 1.0e+00
199662939,26,  2.296, 2022.804797,  1.878,418.27,5738.8,1.354, 577.4, 11.83, 0.034,    tess,	0, 0, 0, 1, None
230016502,26,  2.959, 2022.795537,  1.718,565.71,6055.0,1.710, 985.6, 21.83, 0.042,    tess,	0, 0, 1, 0, Centroid offset probability is 1.0e+00
405687343,26,  1.066, 2023.502253,  0.946,155.56,8700.0,3.053, 255.4, 14.85, 0.026,    tess,	0, 1, 0, 0, SIG_SEC_IN_MODEL_SHIFT
422987634,26,  4.456, 2024.785990,  3.305,6042.55,6266.9,1.490, 587.9, 29.90, 0.057,    tess,	0, 1, 0, 0, SIG_SEC_IN_MODEL_SHIFT---ODD_EVEN_DIFF
272781944,26,  1.652, 2023.129710,  1.482,153.14,6104.0,2.240, 226.5,  4.48, 0.029,    tess,	0, 0, 0, 1, None
284564211,26,  2.555, 2024.790658,  1.388,152.42,6559.0,1.778, 865.4, 11.62, 0.041,    tess,	0, 0, 1, 0, Centroid offset probability is 1.0e+00
377257650,26,  0.604, 2023.134696,  0.490, 62.83,6195.0,1.180, 144.2,  3.32, 0.015,    tess,	0, 1, 0, 0, SIG_SEC_IN_MODEL_SHIFT
420114776,26,  3.233, 2021.682969,  1.983,1101.70,5417.0,0.877, 466.1, 34.05, 0.042,    tess,	0, 1, 0, 0, SIG_SEC_IN_MODEL_SHIFT
316490067,26,  1.760, 2023.642906,  1.435,355.15,6269.0,1.128, 490.7,  8.39, 0.030,    tess,	0, 1, 1, 0, SIG_SEC_IN_MODEL_SHIFT
358300248,26,  1.066, 2023.551269,  1.983,533.72,5842.0,1.088,  76.5,  2.65, 0.021,    tess,	0, 0, 1, 0, Centroid offset probability is 1.0e+00
154699047,26,  1.251, 2023.219052,  1.454,220.84,7519.0,2.881, 390.3,  6.46, 0.027,    tess,	0, 0, 1, 0, Centroid offset probability is 1.0e+00
164458426,26,  4.695, 2024.879192,  4.383,4066.57,6399.7,2.086, 799.9, 27.72, 0.060,    tess,	0, 0, 0, 1, None
198382901,26,  8.547, 2026.906174,  2.113,270.02,5974.0,1.061, 458.2,  9.84, 0.084,    tess,	0, 0, 1, 0, Centroid offset probability is 1.0e+00
123201406,26,  1.203, 2022.924259,  1.161,465.55,6275.1,1.492, 402.7, 11.04, 0.024,    tess,	0, 0, 0, 1, None
470677450,26,  4.494, 2021.520734,  3.869,7666.72,5724.0,2.600, 494.4, 38.22, 0.054,    tess,	0, 1, 1, 0, SIG_SEC_IN_MODEL_SHIFT
235735125,26,  9.621, 2025.093812,  8.794,167851.77,8790.0,3.361, 118.4, 58.54, 0.115,    tess,	0, 1, 1, 0, ODD_EVEN_DIFF
420947520,26,  1.799, 2023.102378,  3.600,9302.40,8136.0,2.050, 574.4, 34.62, 0.036,    tess,	0, 1, 0, 0, SIG_SEC_IN_MODEL_SHIFT---ODD_EVEN_DIFF
236788376,26, 10.810, 2019.896790,  3.756,363.27,4311.0,0.701, 295.8,  9.32, 0.084,    tess,	0, 0, 0, 1, None
219865181,26,  1.118, 2023.613654,  0.949,247.62,5260.0,0.768, 208.4,  6.17, 0.020,    tess,	0, 1, 1, 0, SIG_SEC_IN_MODEL_SHIFT
468922064,26,  3.765, 2024.666393,  1.827,114.22,6017.0,1.255, 169.8,  2.78, 0.049, nigraha,	0, 0, 0, 1, None
279918206,26,  1.084, 2023.557582,  0.854,301.96,5604.1,1.045, 416.2, 14.77, 0.021,    tess,	0, 1, 0, 0, SIG_SEC_IN_MODEL_SHIFT
397100292,26,  5.037, 2023.902571,  3.381,15044.25,6384.0,1.238, 285.8, 28.34, 0.062,    tess,	0, 1, 0, 0, SIG_SEC_IN_MODEL_SHIFT---ODD_EVEN_DIFF
388431711,26,  3.753, 2024.783872,  2.316,44616.64,9740.0,3.520, 907.8,174.41, 0.064,    tess,	0, 1, 0, 0, ODD_EVEN_DIFF
311236477,26,  3.133, 2022.419266,  2.702,817.60,6250.0,1.017, 444.0,  8.55, 0.045,    tess,	0, 1, 1, 0, ODD_EVEN_DIFF
229760134,26,  0.824, 2023.112285,  1.221,101.10,6322.0,1.159, 511.8,  4.50, 0.019,    tess,	0, 0, 1, 0, Centroid offset probability is 1.0e+00
259006174,26,  1.939, 2024.055902,  1.217, 93.42,4190.0,0.702,  81.6,  2.33, 0.026,    tess,	0, 0, 0, 1, None
233714939,26,  2.197, 2023.571290,  6.230,2895.69,6267.0,1.221, 650.2, 11.32, 0.035, nigraha,	1, 1, 0, 0, INDIV_DEPTHS_NOT_CONSISTENTODD_EVEN_DIFF
232612421,26,  4.361, 2022.856946,  1.777,172.84,3609.0,0.530, 167.4,  7.76, 0.042,    tess,	0, 0, 0, 1, None
164527723,26,  2.738, 2022.564761,  3.071,5747.57,6390.0,2.127, 644.3, 33.92, 0.042,    tess,	0, 1, 1, 0, SIG_SEC_IN_MODEL_SHIFT
368260545,26,  6.578, 2022.058973,  4.591,5393.62,6082.0,1.586, 470.8, 25.91, 0.072,    tess,	0, 0, 0, 1, None
235726293,26,  0.977, 2023.445152,  0.868,2877.90,3505.0,0.647,  74.8, 18.24, 0.016,    tess,	0, 0, 0, 1, None
313739038,26,  1.205, 2023.588217,  6.252,119295.54,8101.0,3.990, 378.0, 69.61, 0.028, nigraha,	0, 1, 0, 0, ODD_EVEN_DIFF
337017458,26,  1.469, 2022.928364,  1.156,2145.77,5808.0,1.026, 144.3, 13.21, 0.026,    tess,	0, 1, 0, 0, ODD_EVEN_DIFF
461634737,26,  4.220, 2024.628239,  2.736,306.32,5904.0,0.910, 181.5,  3.21, 0.052,    tess,	0, 0, 0, 1, None
233051157,26,  0.720, 2023.105041,  1.113, 87.45,5869.0,1.735, 676.7,  9.05, 0.016,    tess,	0, 0, 0, 1, None
311188656,17,  2.395, 1777.880101,  1.391,273.32,3679.0,0.549,  85.1,  4.19, 0.029,    tess,	0, 0, 1, 0, Centroid offset probability is 1.0e+00
219882262,17,  2.066, 1777.804521,  1.173,187.43,6393.0,1.722, 273.6,  6.52, 0.034,    tess,	0, 1, 0, 0, SIG_SEC_IN_MODEL_SHIFT
445301243,17,  4.248, 1777.851122,  3.104,2570.79,9223.0,4.924,1944.0, 62.54, 0.068, nigraha,	0, 1, 0, 0, ODD_EVEN_DIFF
118183742,17,  5.032, 1777.636279,  1.312,197.63,6233.0,1.054, 102.3,  3.83, 0.061, nigraha,	0, 0, 0, 1, None
326109505,17,  4.800, 1774.804887,  2.621,473.02,3772.0,0.185,  59.7,  4.62, 0.030,    tess,	0, 1, 1, 0, SIG_SEC_IN_MODEL_SHIFT
269696438,17,  2.979, 1776.432968,  2.105,1309.05,10133.0,2.867, 386.5, 15.08, 0.056,    tess,	0, 0, 1, 0, Centroid offset probability is 1.0e+00
434171112,17,  4.494, 1774.752514,  2.689,315.29,3363.0,0.412,  97.5,  4.25, 0.039,    tess,	0, 0, 1, 0, Centroid offset probability is 1.0e+00
173767940,17, 10.021, 1777.873710,  4.345,813.65,5859.0,0.901, 154.4,  4.44, 0.093, nigraha,	0, 1, 0, 0, ODD_EVEN_DIFF
264051559,17,  5.455, 1778.335200,  2.582,887.90,5401.0,0.778, 155.3,  5.88, 0.059,    tess,	0, 0, 0, 1, None
174310085,17,  3.650, 1777.774403,  3.717,5905.12,7368.7,1.745, 454.8, 21.20, 0.055,    tess,	0, 1, 0, 0, ODD_EVEN_DIFF
335995445,17,  4.171, 1773.427803,  2.859,583.92,7037.0,2.189, 516.5, 12.91, 0.059,    tess,	0, 1, 1, 0, ODD_EVEN_DIFF
352915304,17,  3.489, 1777.403945,  5.372,1109.01,4906.0,0.718, 113.3,  2.94, 0.042,    tess,	0, 0, 1, 0, Centroid offset probability is 1.0e+00
283390331,17,  1.781, 1777.859332,  3.041,5812.74,6559.0,1.641, 358.8, 18.60, 0.032,    tess,	0, 0, 0, 1, None
439943228,17,  5.954, 1780.449468,  3.105,803.20,3924.0,0.536,  74.9,  4.50, 0.052,    tess,	0, 0, 1, 0, Centroid offset probability is 1.0e+00
260172556,17,  2.030, 1776.128798,  2.079,293.09,3411.0,0.373,  52.9,  2.51, 0.022,    tess,	0, 1, 0, 0, SIG_SEC_IN_MODEL_SHIFT
343328765,17,  5.843, 1778.602647,  3.019,433.28,5715.0,0.773, 154.7,  3.27, 0.064,    tess,	0, 1, 1, 0, SIG_SEC_IN_MODEL_SHIFT
455991789,17,  9.184, 1772.393984, 11.638,25209.83,10304.0,3.946, 408.5, 31.97, 0.119,    tess,	1, 0, 0, 0, SINUSOIDAL_VIA_MODSHIFT-LPP_TOO_HIGH
455947620,17,  1.928, 1774.851166,  0.761,543.90,3264.0,0.370,  86.9, 17.70, 0.022,    tess,	1, 0, 1, 0, SINUSOIDAL_VIA_MODSHIFT
256327585,17,  6.729, 1779.233281,  5.916,3748.83,5815.0,1.356, 157.0,  7.47, 0.071,    tess,	0, 0, 0, 1, None
280031832,17,  0.772, 1777.758425,  1.115,225.33,5616.0,0.770, 186.2,  3.97, 0.016,    tess,	0, 1, 1, 0, SIG_SEC_IN_MODEL_SHIFT
202376043,17,  1.092, 1779.038803,  1.251,110.67,3259.0,0.256,  64.4,  2.70, 0.013,    tess,	0, 1, 1, 0, SIG_SEC_IN_MODEL_SHIFT
328866871,17,  1.696, 1774.703472,  2.126,1590.99,3646.0,0.488, 116.1, 16.05, 0.022,    tess,	0, 1, 1, 0, SIG_SEC_IN_MODEL_SHIFT
202134374,17,  3.034, 1779.136290,  2.595,794.71,6742.0,2.114, 229.9,  8.88, 0.046,    tess,	0, 0, 1, 0, Centroid offset probability is 1.0e+00
359676320,17,  0.996, 1777.905412,  0.404, 66.70,5278.0,0.903,  82.3,  3.92, 0.019,    tess,	1, 0, 0, 0, SIG_PRI_OVER_FRED_TOO_LOW---SIG_PRI_MINUS_SIG_TER_TOO_LOW
354246759,17,  3.554, 1778.537336,  2.839,803.16,5944.0,0.875, 172.3,  4.89, 0.047,    tess,	0, 1, 0, 0, ODD_EVEN_DIFF
269698422,17,  2.389, 1776.776126,  3.720,1107.31,5564.0,0.852, 186.6,  4.52, 0.035,    tess,	0, 1, 1, 0, ODD_EVEN_DIFF
177057901,17,  0.684, 1778.882351,  3.038,33487.91,11104.0,4.132, 433.4, 63.09, 0.022, nigraha,	0, 1, 0, 0, ODD_EVEN_DIFF
249744864,17,  9.733, 1774.501900,  2.672,322.76,3201.0,0.187,  53.0,  4.17, 0.048,    tess,	0, 0, 1, 0, Centroid offset probability is 1.0e+00
416320349,17,  1.926, 1775.567697,  1.582,201.05,3963.0,0.582, 114.3,  4.27, 0.025,    tess,	0, 0, 1, 0, Centroid offset probability is 1.0e+00
372207328,17,  0.837, 1777.391590,  0.389, 26.03,3358.0,0.296,  20.5,  1.02, 0.011,    tess,	1, 1, 0, 0, SIG_PRI_MINUS_SIG_TER_TOO_LOWSIG_SEC_IN_MODEL_SHIFT
431373652,17,  2.622, 1779.663889,  1.732,163.62,4968.0,0.869,  58.8,  1.84, 0.035,    tess,	0, 0, 0, 1, None
322129367,17,  2.716, 1778.383742,  6.104,34754.26,8837.0,4.169, 942.2, 77.29, 0.050,    tess,	0, 1, 0, 0, ODD_EVEN_DIFF
331860062,17,  6.598, 1779.020171,  7.954,32175.47,6828.0,3.299, 432.6, 44.76, 0.078,    tess,	0, 1, 0, 0, ODD_EVEN_DIFF
080479637,17,  1.652, 1778.509826,  3.002,198.43,4374.0,0.768,  90.9,  1.82, 0.024, nigraha,	0, 0, 0, 1, None
259006174,17,  1.941, 1777.726940,  1.499,157.05,4190.0,0.702,  81.6,  2.43, 0.027,    tess,	0, 0, 0, 1, None
194736418,18,  5.832, 1805.113362,  4.658,1287.61,6305.0,1.621, 179.1,  6.34, 0.068,    tess,	0, 0, 0, 1, None
378655706,18,  5.925, 1804.424727,  3.093,432.13,3787.0,0.489, 117.8,  4.52, 0.050, nigraha,	0, 1, 1, 0, ODD_EVEN_DIFF
269696438,18,  2.978, 1803.240978,  1.964,658.31,10133.0,2.867, 386.5, 11.01, 0.056,    tess,	0, 0, 1, 0, Centroid offset probability is 1.0e+00
286313573,18,  2.171, 1803.082107,  1.305,939.01,7349.0,2.202, 921.6, 27.81, 0.039,    tess,	0, 0, 1, 0, Centroid offset probability is 1.0e+00
444523826,18,  2.134, 1804.531253,  2.950,220.66,3905.0,0.612, 148.6,  4.32, 0.027,    tess,	0, 0, 0, 1, None
398163267,18,  3.068, 1803.884863,  3.001,535.40,3463.0,0.461, 108.9,  5.08, 0.032, nigraha,	0, 0, 0, 1, None
311188656,18,  2.394, 1804.219126,  1.602,307.07,3679.0,0.549,  85.1,  3.74, 0.029,    tess,	0, 0, 1, 0, Centroid offset probability is 1.0e+00
349979079,18,  7.580, 1806.709121,  4.435,967.35,5955.0,1.385,  81.7,  3.25, 0.078, nigraha,	0, 1, 0, 0, ODD_EVEN_DIFF
279081935,18,  2.859, 1802.948095,  2.352,7259.87,8644.0,3.356, 753.8, 61.36, 0.051,    tess,	0, 1, 1, 0, SIG_SEC_IN_MODEL_SHIFT---ODD_EVEN_DIFF
312774120,18,  0.639, 1803.594230,  1.420,168.65,3211.0,0.243,  77.3,  4.20, 0.009,    tess,	0, 0, 1, 0, Centroid offset probability is 1.0e+00
307040154,18,  3.363, 1803.373041,  1.924,546.14,7772.0,1.839, 309.6,  8.03, 0.054,    tess,	0, 0, 0, 1, None
453269374,18,  1.546, 1803.242373,  1.738,295.21,3527.0,0.427,  78.5,  3.37, 0.020,    tess,	0, 0, 1, 0, Centroid offset probability is 1.0e+00
129913061,18,  1.097, 1804.336054,  0.971,334.76,6407.1,1.820, 316.6, 17.58, 0.023,    tess,	0, 1, 0, 0, SIG_SEC_IN_MODEL_SHIFT
379167988,18,  3.520, 1803.508016,  2.324,364.16,3850.0,0.502,  47.2,  2.46, 0.036,    tess,	0, 0, 1, 0, Centroid offset probability is 1.0e+00
309133240,18,  3.385, 1802.127512,  2.348,395.16,5199.0,0.768,  45.9,  1.99, 0.042,    tess,	0, 0, 0, 1, None
470677450,18,  4.495, 1805.851880,  3.878,7105.31,5724.0,2.600, 494.4, 38.72, 0.054,    tess,	0, 1, 0, 0, SIG_SEC_IN_MODEL_SHIFT
264051559,18,  5.469, 1805.660880,  2.842,869.12,5401.0,0.778, 155.3,  5.45, 0.059,    tess,	0, 1, 1, 0, ODD_EVEN_DIFF
233569141,18,  8.233, 1807.680304,  7.981,11870.97,6695.0,1.743, 224.7, 14.80, 0.090,    tess,	0, 0, 0, 1, None
082337809,18,  1.760, 1804.216327,  1.236,1521.72,5169.0,1.018, 132.9, 11.10, 0.027,    tess,	0, 1, 0, 0, ODD_EVEN_DIFF
274954711,18,  1.535, 1803.152333,  3.526,531.11,6092.0,1.187, 167.2,  2.84, 0.027,    tess,	0, 1, 1, 0, ODD_EVEN_DIFF
232677093,18,  4.368, 1803.464318,  0.833, 46.15,3430.0,0.316,  25.7,  1.42, 0.035, nigraha,	1, 0, 0, 0, INDIV_DEPTHS_NOT_CONSISTENT
200921621,18,  4.860, 1805.301142,  7.574,27666.65,6027.0,3.193, 303.3, 39.93, 0.058,    tess,	0, 1, 0, 0, ODD_EVEN_DIFF
431767111,18,  1.172, 1803.740250,  2.286,625.19,6006.0,1.079, 123.8,  3.20, 0.023,    tess,	0, 0, 1, 0, Centroid offset probability is 1.0e+00
396573191,18,  2.494, 1802.982094,  4.092,15494.23,6574.0,2.095, 348.5, 30.19, 0.040,    tess,	0, 0, 1, 0, Centroid offset probability is 1.0e+00
369283035,18,  9.533, 1803.582671,  2.196,5646.80,6397.0,3.450, 194.1, 35.97, 0.096,    tess,	0, 0, 0, 1, None
192587088,18,  2.404, 1805.016592,  2.533,6945.32,6174.5,1.576, 292.6, 24.64, 0.037,    tess,	0, 0, 0, 1, None
331860062,18,  6.600, 1805.426200,  8.063,33361.53,6828.0,3.299, 432.6, 45.37, 0.078,    tess,	0, 1, 0, 0, ODD_EVEN_DIFF
326149070,18,  1.953, 1804.643831,  1.602,1456.24,4952.0,0.694, 132.2,  7.44, 0.029,    tess,	0, 1, 0, 0, SIG_SEC_IN_MODEL_SHIFT
322129367,18,  2.721, 1802.856490,  6.187,31786.29,8837.0,4.169, 942.2, 75.85, 0.050,    tess,	0, 1, 0, 0, ODD_EVEN_DIFF
250682301,18,  4.858, 1803.652717,  3.611,728.38,3962.3,0.790,  64.4,  3.47, 0.048,    tess,	0, 1, 1, 0, ODD_EVEN_DIFF
235982927,18,  0.848, 1803.567624,  0.800,363.28,6597.0,1.528, 205.0, 10.75, 0.019,    tess,	0, 1, 0, 0, SIG_SEC_IN_MODEL_SHIFT
280031832,18,  0.772, 1803.999993,  1.172,301.22,5616.0,0.770, 186.2,  4.29, 0.016,    tess,	0, 1, 1, 0, SIG_SEC_IN_MODEL_SHIFT
083222019,18,  5.818, 1801.445071,  4.436,10212.68,6287.0,2.675, 504.9, 42.62, 0.068,    tess,	0, 0, 0, 1, None
359676320,18,  0.995, 1803.281002,  0.399, 72.61,5278.0,0.903,  82.3,  4.01, 0.019,    tess,	1, 0, 0, 0, SIG_PRI_OVER_FRED_TOO_LOW---SIG_PRI_MINUS_SIG_TER_TOO_LOW
230117419,19,  9.581, 1826.059317,  3.185,459.38,4549.0,0.750,  63.9,  2.80, 0.079, nigraha,	0, 1, 0, 0, ODD_EVEN_DIFF
428767557,19,  2.530, 1828.147260,  2.163,6125.35,8234.0,2.364, 271.7, 23.48, 0.046,    tess,	0, 1, 0, 0, SIG_SEC_IN_MODEL_SHIFT
096202086,19,  0.630, 1829.445666,  0.348, 24.53,3351.0,0.360,  20.5,  1.08, 0.010, nigraha,	0, 0, 0, 1, None
259006174,19,  1.940, 1830.093222,  1.619,233.59,4190.0,0.702,  81.6,  2.72, 0.027,    tess,	0, 0, 0, 1, None
394089846,19,  2.922, 1829.463318,  1.742,215.64,5778.0,0.891, 200.7,  3.58, 0.040,    tess,	0, 0, 0, 1, None
416882160,19,  9.075, 1831.950886,  2.275,832.67,5379.1,0.849,  28.1,  3.69, 0.083, nigraha,	0, 0, 0, 1, None
269696438,19,  2.978, 1830.051880,  2.173,1270.22,10133.0,2.867, 386.5, 13.95, 0.056,    tess,	0, 0, 1, 0, Centroid offset probability is 1.0e+00
230023734,19, 10.055, 1824.391515,  1.968,219.82,6476.0,1.501, 212.8,  5.39, 0.100,    tess,	0, 0, 1, 0, Centroid offset probability is 1.0e+00
417732194,19,  5.307, 1829.601021,  0.678, 44.64,3180.0,0.266,  29.1,  1.82, 0.037, nigraha,	0, 0, 0, 1, None
377257650,19,  0.604, 1829.216955,  0.482, 76.02,6195.0,1.180, 144.2,  3.45, 0.015,    tess,	0, 1, 0, 0, SIG_SEC_IN_MODEL_SHIFT
313142195,19,  2.927, 1828.173605,  1.964,616.37,6431.0,2.584, 743.4, 18.42, 0.044,    tess,	0, 1, 1, 0, SIG_SEC_IN_MODEL_SHIFT
311188656,19,  2.396, 1828.163962,  1.762,239.79,3679.0,0.549,  85.1,  2.90, 0.029,    tess,	0, 0, 1, 0, Centroid offset probability is 1.0e+00
309600985,19, 11.760, 1824.960273,  6.658,197949.07,9099.0,4.458, 449.2,164.52, 0.134,    tess,	0, 1, 1, 0, SIG_SEC_IN_MODEL_SHIFT---ODD_EVEN_DIFF
252403752,19, 12.042, 1829.750431,  8.932,15622.57,7570.0,4.475, 875.7, 54.02, 0.124,    tess,	0, 1, 1, 0, SIG_SEC_IN_MODEL_SHIFT
087429086,19,  2.433, 1828.728343,  3.855,12116.47,7109.0,2.406, 791.6, 46.20, 0.041,    tess,	0, 0, 0, 1, None
317681251,19,  3.870, 1830.437648,  2.385,7337.96,8885.0,3.361, 806.2, 68.02, 0.063,    tess,	0, 1, 0, 0, SIG_SEC_IN_MODEL_SHIFT
239837224,19,  8.154, 1831.211822, 10.920,18544.46,8212.0,4.792,1409.4, 58.56, 0.100,    tess,	1, 1, 0, 0, SINUSOIDAL_VIA_MODSHIFTODD_EVEN_DIFF
312686747,19,  8.227, 1830.937584,  1.679,233.65,3643.0,0.483,  79.0,  4.71, 0.062,    tess,	1, 0, 1, 0, SINUSOIDAL_VIA_MODSHIFT-LPP_TOO_HIGH
355010562,19,  3.253, 1827.714212,  2.866,4866.96,8326.0,2.211, 585.2, 34.77, 0.055,    tess,	0, 1, 1, 0, SIG_SEC_IN_MODEL_SHIFT
279462605,19,  4.805, 1831.476697,  3.036,5332.68,6079.0,2.392, 429.7, 31.57, 0.058,    tess,	0, 0, 0, 1, None
310785613,19,  6.460, 1831.837608,  2.103,4051.27,7225.0,2.937, 534.2, 41.20, 0.080,    tess,	0, 1, 0, 0, SIG_SEC_IN_MODEL_SHIFT
122104276,19,  3.542, 1827.828527,  3.972,3611.77,6605.5,2.156,1197.8, 39.14, 0.051,    tess,	0, 1, 1, 0, SIG_SEC_IN_MODEL_SHIFT
219882262,19,  1.033, 1829.444143,  1.081,166.32,6393.0,1.722, 273.6,  5.38, 0.022,    tess,	0, 1, 1, 0, ODD_EVEN_DIFF
289382202,19,  2.336, 1828.895741,  2.703,393.36,4717.0,0.904, 109.0,  3.22, 0.031,    tess,	0, 0, 1, 0, Centroid offset probability is 1.0e+00
082886347,19,  2.072, 1829.647385,  2.475,353.99,5651.0,0.868, 179.4,  3.10, 0.032,    tess,	0, 1, 1, 0, SIG_SEC_IN_MODEL_SHIFT
233528503,19,  6.428, 1829.073842,  5.298,661.06,4043.0,0.650,  62.6,  2.25, 0.058, nigraha,	0, 1, 0, 0, ODD_EVEN_DIFF
230087513,19,  0.872, 1828.859071,  3.165,770.93,9994.0,4.868, 138.2,  4.48, 0.024, nigraha,	0, 0, 0, 1, None
281694357,19,  1.876, 1829.193389,  2.214,232.62,5550.0,0.876,  77.2,  1.66, 0.030,    tess,	0, 0, 1, 0, Centroid offset probability is 1.0e+00
239004471,19,  1.604, 1828.908406,  2.369,7230.04,10865.0,3.596,1242.2, 72.18, 0.038,    tess,	0, 1, 0, 0, SIG_SEC_IN_MODEL_SHIFT---ODD_EVEN_DIFF
029555981,19,  2.506, 1828.489770,  1.292,146.91,3455.0,0.217,  66.0,  3.23, 0.021,    tess,	0, 0, 0, 1, None
288162976,19,  5.034, 1831.282936,  3.567,1114.67,5342.0,0.790, 135.9,  4.66, 0.056, nigraha,	0, 0, 0, 1, None
274606615,19,  3.467, 1827.643900,  1.882,175.18,6021.2,1.350, 211.1,  4.41, 0.046, nigraha,	0, 0, 0, 1, None
470677450,19,  4.496, 1828.315451,  3.905,6930.04,5724.0,2.600, 494.4, 39.28, 0.054,    tess,	0, 1, 0, 0, SIG_SEC_IN_MODEL_SHIFT
349692885,19,  1.077, 1828.743117,  2.762,408.37,7956.0,4.729, 184.9, 12.89, 0.026,    tess,	1, 1, 0, 0, SIG_PRI_OVER_FRED_TOO_LOW---SIG_PRI_MINUS_SIG_TER_TOO_LOW---SINUSOIDAL_VIA_MODSHIFTODD_EVEN_DIFF-LPP_TOO_HIGH
316847406,19, 12.094, 1828.968805,  1.223,103.73,3424.0,0.411,  95.7,  6.47, 0.076, nigraha,	0, 0, 0, 1, None
328666780,19,  6.686, 1827.487753,  3.533,1370.97,3956.0,0.599,  62.5,  4.72, 0.058, nigraha,	0, 1, 0, 0, ODD_EVEN_DIFF
313197303,19,  1.394, 1828.997350,  1.929,242.06,4464.0,0.679, 102.2,  2.46, 0.022,    tess,	0, 1, 0, 0, ODD_EVEN_DIFF
373328406,19,  6.892, 1829.677119,  1.676,3695.54,5807.0,1.219, 219.9, 25.31, 0.072,    tess,	0, 1, 1, 0, SIG_SEC_IN_MODEL_SHIFT---ODD_EVEN_DIFF
316959378,19, 12.131, 1829.028900,  3.144,521.50,8378.0,2.098,  94.6,  5.23, 0.132, nigraha,	0, 1, 0, 0, ODD_EVEN_DIFF
233239037,19,  9.565, 1826.061876,  5.090,720.13,6060.0,1.026, 170.7,  3.58, 0.092, nigraha,	0, 0, 0, 1, None
347044473,19,  4.211, 1830.411241,  3.770,332.82,5423.0,1.235, 166.4,  3.03, 0.050,    tess,	0, 0, 0, 1, None
264051559,19,  5.465, 1827.514534,  2.646,878.21,5401.0,0.778, 155.3,  5.46, 0.059,    tess,	0, 1, 1, 0, ODD_EVEN_DIFF
102715973,19,  4.986, 1831.074824,  2.247,242.37,4650.0,0.723,  81.9,  2.60, 0.052, nigraha,	0, 0, 0, 1, None
369283035,19,  9.526, 1832.182372,  2.235,4896.01,6397.0,3.450, 194.1, 35.82, 0.096,    tess,	0, 0, 1, 0, Centroid offset probability is 1.0e+00
082337809,19,  1.761, 1828.879709,  1.228,1468.47,5169.0,1.018, 132.9, 11.01, 0.027,    tess,	0, 1, 0, 0, ODD_EVEN_DIFF
286478778,19, 11.563, 1827.663548,  0.898, 41.62,3426.0,0.385,  44.1,  2.77, 0.072, nigraha,	0, 0, 1, 0, Centroid offset probability is 1.0e+00
409056401,19,  5.002, 1827.036721,  3.635,842.25,3370.0,0.333,  61.8,  3.85, 0.039,    tess,	0, 0, 1, 0, Centroid offset probability is 1.0e+00
366517491,19,  0.643, 1829.124837,  1.061,163.42,6420.0,1.039, 266.2,  3.83, 0.016,    tess,	0, 1, 1, 0, SIG_SEC_IN_MODEL_SHIFT
065912606,19,  1.000, 1829.563589,  1.279,123.31,3479.0,0.384,  57.0,  1.79, 0.014, nigraha,	0, 1, 0, 0, ODD_EVEN_DIFF
281114303,19,  2.964, 1828.032338,  1.027,1061.51,6822.0,1.330, 180.5, 14.78, 0.046,    tess,	0, 1, 0, 0, SIG_SEC_IN_MODEL_SHIFT
397100292,19,  5.039, 1827.517208,  3.426,14585.10,6384.0,1.238, 285.8, 27.48, 0.062,    tess,	0, 1, 0, 0, SIG_SEC_IN_MODEL_SHIFT---ODD_EVEN_DIFF
198382838,19, 12.218, 1827.301461,  1.957,3766.73,5180.0,1.320, 146.9, 21.92, 0.099, nigraha,	0, 1, 0, 0, ODD_EVEN_DIFF
067360334,19,  3.429, 1830.566868,  3.972,1575.86,3517.0,0.479, 114.8,  7.52, 0.035,    tess,	0, 1, 0, 0, ODD_EVEN_DIFF
347130362,19, 11.590, 1826.075836,  4.755,13217.36,6729.0,1.750, 273.5, 30.70, 0.113,    tess,	0, 1, 1, 0, SIG_SEC_IN_MODEL_SHIFT---ODD_EVEN_DIFF
086532559,19,  0.713, 1829.020501,  1.862,198.08,3502.0,0.460,  69.5,  2.05, 0.012,    tess,	0, 1, 0, 0, SIG_SEC_IN_MODEL_SHIFT
356473029,20,  2.615, 1853.681777,  2.247,1154.96,5547.0,0.963, 151.4,  7.33, 0.037,    tess,	0, 0, 1, 0, Centroid offset probability is 1.0e+00
099571729,20,  3.590, 1854.664542,  1.662,337.77,3493.0,0.420,  23.6,  1.92, 0.034,    tess,	0, 1, 0, 0, SIG_SEC_IN_MODEL_SHIFT
445030869,20,  5.017, 1854.054050,  1.519,1019.44,5077.9,0.715,  86.5,  6.08, 0.054,    tess,	0, 1, 0, 0, SIG_SEC_IN_MODEL_SHIFT
011799874,20,  4.257, 1855.716746,  3.346,18427.67,6451.0,1.728,  42.9, 18.76, 0.056,    tess,	0, 1, 1, 0, SIG_SEC_IN_MODEL_SHIFT
011799872,20,  4.257, 1855.716785,  3.345,19589.53,6446.0,1.693,  42.8, 18.61, 0.056,    tess,	0, 1, 1, 0, SIG_SEC_IN_MODEL_SHIFT
286870912,20,  0.631, 1853.886976,  0.615, 56.56,5375.0,2.153, 181.8,  4.62, 0.014,    tess,	0, 1, 0, 0, SIG_SEC_IN_MODEL_SHIFT
055655482,20,  3.961, 1855.705644,  2.038,4678.69,5854.0,1.180, 116.5, 13.40, 0.050,    tess,	0, 1, 0, 0, ODD_EVEN_DIFF
252884817,20,  1.858, 1854.165046,  1.608,396.39,3516.0,0.341,  56.0,  2.95, 0.020,    tess,	0, 0, 1, 0, Centroid offset probability is 1.0e+00
371165722,20,  2.249, 1854.024746,  2.461,3780.97,6271.6,1.557, 444.8, 20.77, 0.036,    tess,	0, 0, 0, 1, None
269698422,20,  2.390, 1855.647373,  2.690,297.61,5564.0,0.852, 186.6,  2.92, 0.035,    tess,	0, 0, 1, 0, Centroid offset probability is 1.0e+00
088703412,20,  2.868, 1857.819846,  1.931,333.15,3659.0,0.530,  61.4,  3.02, 0.032,    tess,	0, 0, 1, 0, Centroid offset probability is 1.0e+00
269696438,20,  2.980, 1856.863183,  2.133,1610.88,10133.0,2.867, 386.5, 15.36, 0.056,    tess,	0, 1, 1, 0, ODD_EVEN_DIFF
275633324,20,  1.266, 1856.540631,  1.437,339.74,3910.0,0.638, 117.6,  3.74, 0.019,    tess,	0, 0, 0, 1, None
356630364,20,  0.835, 1856.035407,  0.620,140.58,7568.0,3.561, 301.5, 12.81, 0.021,    tess,	1, 1, 0, 0, SIG_SEC_IN_MODEL_SHIFT-LPP_TOO_HIGH
099135783,20,  3.272, 1855.206685,  1.004,923.88,5844.0,1.209, 143.4, 13.91, 0.044,    tess,	0, 0, 0, 1, None
004299830,20,  1.070, 1854.063729,  0.795,152.44,5965.5,1.663, 408.8, 10.02, 0.021,    tess,	0, 1, 1, 0, SIG_SEC_IN_MODEL_SHIFT
229487733,20,  6.673, 1853.828505,  5.738,586.90,5435.0,0.973, 164.7,  2.84, 0.068,    tess,	0, 0, 0, 1, None
470677450,20,  4.497, 1855.274429,  3.992,7046.89,5724.0,2.600, 494.4, 36.68, 0.054,    tess,	0, 1, 0, 0, SIG_SEC_IN_MODEL_SHIFT---ODD_EVEN_DIFF
142441910,20,  2.880, 1857.242469,  2.246,26265.10,6376.0,1.171, 134.1, 26.98, 0.043,    tess,	0, 1, 0, 0, SIG_SEC_IN_MODEL_SHIFT---ODD_EVEN_DIFF
071135188,20,  5.361, 1858.612241,  1.698,233.77,4589.0,0.696,  34.2,  2.62, 0.054, nigraha,	0, 0, 0, 1, None
333792984,20,  6.214, 1855.983404,  1.181,134.99,5809.0,0.894, 133.7,  4.48, 0.067,    tess,	0, 0, 0, 1, None
420110967,20,  0.734, 1856.120312,  0.835,168.58,3914.0,0.617,  70.3,  3.19, 0.013,    tess,	0, 1, 1, 0, SIG_SEC_IN_MODEL_SHIFT
016700335,20,  2.872, 1855.377897,  2.997,6784.30,6525.0,3.483,1129.2, 59.65, 0.044,    tess,	0, 1, 0, 0, SIG_SEC_IN_MODEL_SHIFT
233618393,20, 12.442, 1858.838487,  1.385,484.22,3326.0,0.332,  65.8,  6.92, 0.071,    tess,	1, 1, 0, 0, ODD_EVEN_DIFF-LPP_TOO_HIGH
335457083,20,  2.915, 1855.529262, 13.100,152516.44,7514.0,1.924, 174.9, 23.85, 0.048, nigraha,	0, 1, 0, 0, ODD_EVEN_DIFF
230023734,20, 10.065, 1854.575907,  2.053,205.11,6476.0,1.501, 212.8,  4.78, 0.100,    tess,	0, 0, 1, 0, Centroid offset probability is 1.0e+00
417583197,20,  8.790, 1856.761953,  3.296,468.93,6246.0,1.136,  88.2,  2.79, 0.089, nigraha,	0, 1, 0, 0, ODD_EVEN_DIFF
139252264,20,  1.133, 1853.732033,  0.990,421.05,7007.0,2.017, 198.6, 12.33, 0.025,    tess,	0, 1, 0, 0, SIG_SEC_IN_MODEL_SHIFT
240155327,20,  6.127, 1852.461754,  2.120,2233.54,6839.2,2.131, 688.9, 31.70, 0.075,    tess,	0, 1, 0, 0, SIG_SEC_IN_MODEL_SHIFT
333792986,20,  6.214, 1855.983572,  1.151,120.23,5942.0,0.943, 135.5,  4.22, 0.068,    tess,	0, 0, 0, 1, None
219882262,20,  1.033, 1856.291167,  1.273,314.76,6393.0,1.722, 273.6,  6.01, 0.022,    tess,	0, 1, 0, 0, ODD_EVEN_DIFF
156921656,20,  4.351, 1852.481313,  3.420,8246.16,6483.0,3.504, 802.7, 55.71, 0.057,    tess,	0, 0, 0, 1, None
321340546,20,  3.142, 1853.245493,  3.200,763.13,4581.2,0.845,  72.4,  3.27, 0.038,    tess,	0, 1, 1, 0, ODD_EVEN_DIFF
192201543,20,  8.177, 1854.052623,  6.994,21023.70,6027.4,1.972, 414.1, 36.47, 0.082,    tess,	0, 0, 0, 1, None
359676320,20,  0.995, 1856.521664,  0.394, 76.47,5278.0,0.903,  82.3,  3.84, 0.019,    tess,	1, 0, 0, 0, SIG_PRI_OVER_FRED_TOO_LOW---SIG_PRI_MINUS_SIG_TER_TOO_LOW---SINUSOIDAL_VIA_MODSHIFT
470975994,20,  3.961, 1852.877418,  3.245,15391.61,6176.0,1.288, 351.6, 33.21, 0.052,    tess,	0, 1, 1, 0, SIG_SEC_IN_MODEL_SHIFT
081214374,20, 10.785, 1858.583898,  5.280,1458.97,6172.0,1.096, 115.9,  4.35, 0.101, nigraha,	0, 1, 1, 0, ODD_EVEN_DIFF
356015361,20, 11.254, 1860.521203,  3.356,1892.58,5570.0,1.817, 226.6, 13.70, 0.098,    tess,	0, 1, 1, 0, SIG_SEC_IN_MODEL_SHIFT
219435803,20,  7.381, 1857.881439,  5.757,1055.56,6617.0,1.453, 197.8,  4.16, 0.083, nigraha,	0, 0, 0, 1, None
051238317,20,  4.755, 1855.416703,  7.082,6831.38,6569.0,1.873, 442.0, 17.69, 0.061,    tess,	0, 0, 0, 1, None
102841799,20,  5.263, 1857.860392,  2.613,9654.86,5482.0,0.937, 217.9, 23.91, 0.058,    tess,	0, 0, 1, 0, Centroid offset probability is 1.0e+00
311925584,30,  3.645, 2131.502635,  0.917,200.73,3709.0,0.595,  96.9,  5.91, 0.039,    tess,	0, 1, 0, 0, ODD_EVEN_DIFF
212957629,30,  3.075, 2131.357971,  0.968, 92.00,3163.0,0.197,  55.4,  2.97, 0.023,    tess,	0, 0, 1, 0, Centroid offset probability is 1.0e+00
153078576,30,  2.702, 2130.134859,  1.581,302.58,3596.0,0.525,  92.4,  3.89, 0.031,    tess,	0, 0, 0, 1, None
141708335,30,  4.761, 2128.402827,  2.406,385.96,3325.0,0.424,  48.8,  3.01, 0.041,    tess,	0, 0, 1, 0, Centroid offset probability is 1.0e+00
159937332,30, 11.644, 2127.544580,  1.608,334.33,4637.0,0.713, 125.0,  4.98, 0.091, nigraha,	0, 1, 0, 0, SIG_SEC_IN_MODEL_SHIFT---ODD_EVEN_DIFF
231063955,30,  3.496, 2129.216205,  1.569,466.45,4913.0,0.808, 390.6, 11.29, 0.042,    tess,	0, 0, 0, 1, None
032150999,30,  1.290, 2129.988907,  1.242,429.99,3603.0,0.637, 538.6, 23.49, 0.020,    tess,	0, 1, 1, 0, SIG_SEC_IN_MODEL_SHIFT
198008002,30,  3.281, 2130.948880,  3.045,3091.64,6065.0,1.399, 255.8, 13.82, 0.045,    tess,	0, 0, 0, 1, None
279855551,30,  3.686, 2130.219573,  1.920,374.59,4077.0,0.633, 383.3, 11.79, 0.040,    tess,	0, 0, 1, 0, Centroid offset probability is 1.0e+00
167554898,30,  4.451, 2130.073241,  3.149,3871.25,6638.0,2.068, 298.3, 17.71, 0.059,    tess,	0, 0, 0, 1, None
268529943,30,  4.299, 2128.631710,  3.151,6167.87,5703.0,1.296, 282.1, 19.90, 0.052,    tess,	0, 0, 0, 1, None
164776459,30,  2.016, 2129.749923,  1.160,121.22,5623.0,0.976, 100.7,  2.59, 0.031,    tess,	0, 0, 0, 1, None
152969049,30,  2.042, 2130.427287,  1.211,225.14,5168.4,1.202, 261.3,  6.78, 0.030,    tess,	0, 0, 1, 0, Centroid offset probability is 1.0e+00
321068176,30, 12.975, 2134.039837,  1.050,114.04,5017.0,0.973, 187.6,  6.68, 0.102,    tess,	0, 0, 1, 0, Centroid offset probability is 1.0e+00
238226533,30,  0.940, 2129.916389,  0.822,209.93,3552.0,0.568, 338.8, 14.18, 0.015,    tess,	0, 0, 0, 1, None
055601705,30,  1.161, 2130.374918,  1.103,125.09,5585.0,1.412, 759.1,  9.78, 0.022,    tess,	0, 0, 0, 1, None
231297123,30,  1.980, 2131.174430,  1.335,116.08,4001.0,0.757, 153.3,  3.70, 0.026,    tess,	0, 0, 0, 1, None
220568520,30,  9.278, 2126.402935,  4.092,3995.94,5476.0,1.036, 243.0, 12.69, 0.085,    tess,	0, 0, 0, 1, None
114472666,30,  9.260, 2132.532665,  2.160,458.48,4586.0,0.663,  82.2,  3.99, 0.077, nigraha,	0, 1, 0, 0, ODD_EVEN_DIFF
220564045,30,  7.254, 2131.802853,  2.523,1207.30,4222.0,0.656, 169.5,  9.40, 0.064,    tess,	0, 0, 1, 0, Centroid offset probability is 1.0e+00
167526485,30,  5.009, 2131.199405,  5.687,13647.97,6967.7,3.670, 579.0, 40.51, 0.066,    tess,	0, 1, 0, 0, ODD_EVEN_DIFF
272550631,30, 11.664, 2130.225565,  1.569,483.37,3550.0,0.621,  68.7,  5.86, 0.085, nigraha,	0, 1, 0, 0, ODD_EVEN_DIFF
293435336,30,  1.809, 2130.356257,  3.207,16906.15,6278.2,1.891, 194.5, 22.95, 0.031,    tess,	0, 1, 0, 0, ODD_EVEN_DIFF
260505914,30,  1.807, 2129.543521,  1.348,512.21,4390.0,0.714, 408.1, 15.33, 0.026,    tess,	0, 0, 1, 0, Centroid offset probability is 1.0e+00
350480660,30,  4.467, 2131.811675,  3.094,6925.34,6100.8,1.219, 325.1, 21.45, 0.056,    tess,	0, 1, 0, 0, SIG_SEC_IN_MODEL_SHIFT
333641111,30, 12.159, 2126.494483,  3.235,586.94,5944.0,1.473, 300.6,  8.13, 0.106, nigraha,	0, 1, 1, 0, ODD_EVEN_DIFF
035703677,30,  1.730, 2130.243056,  1.182,355.64,3560.0,0.682, 357.0, 20.18, 0.024,    tess,	0, 1, 1, 0, ODD_EVEN_DIFF
300448520,30,  3.400, 2130.111622,  1.952,194.23,5883.7,1.577, 461.5,  7.06, 0.045, nigraha,	0, 0, 1, 0, Centroid offset probability is 1.0e+00
038679390,30,  0.976, 2129.826818,  0.847,232.11,4012.0,0.706, 324.1, 12.68, 0.016,    tess,	0, 1, 1, 0, SIG_SEC_IN_MODEL_SHIFT
212950885,30,  2.462, 2129.685963,  1.233,489.78,3629.0,0.587, 354.5, 23.02, 0.030,    tess,	0, 0, 1, 0, Centroid offset probability is 9.9e-01
003816118,30, 11.652, 2130.232937,  1.423,1336.95,5848.4,0.933,  26.5,  5.37, 0.103, nigraha,	0, 1, 1, 0, ODD_EVEN_DIFF
038395257,30,  0.949, 2131.221965,  1.369,4688.13,5329.0,0.921, 169.4, 22.48, 0.018,    tess,	0, 0, 0, 1, None
167201539,30,  9.462, 2133.395872,  3.173,6535.91,6484.0,1.285, 331.8, 24.57, 0.096,    tess,	0, 1, 1, 0, SIG_SEC_IN_MODEL_SHIFT
114435818,30,  2.380, 2130.861208,  1.059,1595.57,3607.0,0.706,  98.0, 15.51, 0.030,    tess,	0, 1, 0, 0, ODD_EVEN_DIFF
231074850,30,  3.325, 2130.216840,  1.861,1177.43,4473.0,0.749, 857.7, 32.77, 0.039,    tess,	0, 1, 1, 0, SIG_SEC_IN_MODEL_SHIFT---ODD_EVEN_DIFF
260003467,30,  1.302, 2130.391803,  1.119,732.03,5996.3,1.540, 304.9, 12.48, 0.024,    tess,	0, 1, 0, 0, ODD_EVEN_DIFF
177175199,30,  1.041, 2129.896040,  1.071,268.88,5793.0,3.503, 657.8, 17.35, 0.020,    tess,	0, 1, 1, 0, SIG_SEC_IN_MODEL_SHIFT
149176080,30,  0.870, 2130.666159,  0.524, 57.80,6340.0,1.750, 339.9,  6.22, 0.019,    tess,	1, 0, 0, 0, SIG_PRI_OVER_FRED_TOO_LOW---SIG_PRI_MINUS_SIG_TER_TOO_LOW
272357134,30,  4.194, 2130.163210,  4.972,33859.07,6539.0,2.306, 181.9, 32.01, 0.056,    tess,	0, 1, 0, 0, ODD_EVEN_DIFF
231279823,30,  5.968, 2131.577315,  2.328,828.03,3592.0,0.461,  13.2,  2.08, 0.050,    tess,	0, 0, 1, 0, Centroid offset probability is 1.0e+00
237342298,30,  2.693, 2129.326323,  3.532,9222.35,6236.0,1.698, 612.2, 31.89, 0.040,    tess,	0, 1, 0, 0, SIG_SEC_IN_MODEL_SHIFT
167087316,30,  9.688, 2132.106059,  3.474,1177.41,6005.0,1.076, 214.4,  7.29, 0.092, nigraha,	1, 1, 0, 0, INDIV_DEPTHS_NOT_CONSISTENTODD_EVEN_DIFF
101126742,30,  2.317, 2130.585604,  1.860,743.84,4027.0,0.552,  60.6,  3.74, 0.029,    tess,	0, 1, 1, 0, ODD_EVEN_DIFF
111363968,30,  1.632, 2130.463325,  1.320,3106.48,4906.0,0.975, 183.4, 17.32, 0.025,    tess,	0, 1, 0, 0, ODD_EVEN_DIFF
140900726,30,  4.649, 2132.511116,  5.168,738.72,5840.0,1.042, 621.1,  8.17, 0.055,    tess,	0, 0, 1, 0, Centroid offset probability is 1.0e+00
340179350,30,  1.064, 2130.646275,  1.429,644.51,3524.0,0.441,  74.6,  4.93, 0.015,    tess,	0, 1, 1, 0, SIG_SEC_IN_MODEL_SHIFT
200743737,30,  1.156, 2130.411307,  1.042,499.15,3815.0,0.654, 464.2, 23.18, 0.018,    tess,	0, 1, 1, 0, SIG_SEC_IN_MODEL_SHIFT
231740019,30,  2.907, 2131.364419,  1.417,432.46,3761.0,0.686, 514.0, 22.04, 0.035,    tess,	0, 1, 0, 0, ODD_EVEN_DIFF
302987876,30,  0.802, 2130.235820,  1.213,142.59,3904.0,0.621, 165.0,  3.83, 0.014,    tess,	0, 1, 0, 0, ODD_EVEN_DIFF
401872377,30,  0.773, 2130.022160,  0.773,136.82,5847.0,0.909, 186.4,  3.86, 0.017,    tess,	0, 1, 1, 0, SIG_SEC_IN_MODEL_SHIFT
364538560,30,  1.750, 2130.429766,  2.166,7688.85,5850.6,1.291, 325.1, 24.87, 0.029,    tess,	0, 0, 0, 1, None
