rowid,tic_id,Probability
0,320538048.0,0.532098650932312
1,458685416.0,0.6984580755233765
2,6281605.0,3.3090870488194923e-07
3,278179191.0,4.845935208663832e-09
4,26047188.0,9.026879524753895e-06
5,31774464.0,0.0014427880523726344
6,266545168.0,2.3909961331799665e-14
7,81403626.0,4.708917700213533e-09
8,50894724.0,3.99829650632455e-06
9,296343127.0,1.5346065529442399e-09
10,99417613.0,1.776592029045787e-08
11,29789648.0,1.593299048252561e-09
12,25078924.0,0.0002710858534555882
13,125059687.0,0.0057817306369543076
14,167655802.0,4.044414652071282e-07
15,73296270.0,1.33007660441109e-10
16,36339974.0,3.379642521394999e-08
17,13560164.0,1.1260667953649772e-08
18,80471435.0,4.177398295723833e-05
19,150151693.0,2.000215992836729e-09
20,169609352.0,8.728434153226772e-08
21,143601280.0,0.01964966580271721
22,405117698.0,6.037019829818746e-06
23,54397239.0,8.268346363138335e-08
24,174599051.0,0.8449848890304565
25,261205462.0,3.750510302324983e-08
26,167123841.0,7.465536668860295e-07
27,101201594.0,1.321835360013567e-15
28,381950094.0,6.160452812764561e-06
29,261258875.0,0.11164520680904388
30,459056725.0,0.04402666166424751
31,150431712.0,3.967369835433665e-12
32,382068562.0,0.94560307264328
33,182588086.0,0.059095967561006546
34,388205603.0,0.3102269470691681
35,167308252.0,0.002366022439673543
36,107945339.0,0.00021454734087456018
37,167418903.0,0.9827241897583008
38,100949952.0,5.24727180109541e-13
39,255700967.0,0.0031694211065769196
40,6423569.0,2.1138804682380163e-12
41,238166585.0,1.2935110760281532e-07
42,153436251.0,1.1086577700325506e-07
43,452975969.0,1.3784192276489193e-07
44,154679871.0,3.9340457078651525e-06
45,80914862.0,0.05703999847173691
46,452845139.0,0.9780436754226685
47,140900726.0,0.12992966175079346
48,412900400.0,0.0007996382191777229
49,381925156.0,0.15341316163539886
50,121335355.0,0.01191343180835247
51,82993060.0,2.1581599896937365e-13
52,280526693.0,0.0021525679621845484
53,456658211.0,0.0004828288219869137
54,148098024.0,1.716665110507165e-06
55,143542113.0,8.119546146545531e-10
56,129265797.0,4.487476985559624e-07
57,423124942.0,0.16275547444820404
58,111539246.0,7.464566442649812e-05
59,274233762.0,2.8370497602736577e-05
60,168975758.0,0.012666312977671623
61,167554898.0,0.9799914360046387
62,19126366.0,0.0027733189053833485
63,455106524.0,1.758122380124405e-06
64,93601939.0,7.253601053136549e-10
65,157130004.0,0.10241595655679703
66,88629211.0,2.998613268800909e-08
67,231929600.0,1.7101299543131887e-10
68,150029905.0,9.478573308185911e-12
69,165188672.0,2.8430581551219802e-06
70,231915091.0,2.83567982463373e-12
71,265073607.0,1.2457428866241571e-08
72,334144598.0,5.012902939971475e-11
73,60134625.0,0.07557827234268188
74,187571246.0,3.7715930375270545e-05
75,64779742.0,5.2641598813352175e-06
76,366656123.0,4.684993655246217e-06
77,332302079.0,2.5747587642399594e-05
78,419152938.0,1.5122921013244195e-06
79,238498229.0,0.0003544151841197163
80,287474726.0,0.9265915155410767
81,133852094.0,1.372500557650369e-09
82,268181601.0,0.05357447266578674
83,129368099.0,1.0882156287195244e-11
84,88794091.0,6.240177125027557e-11
85,238097136.0,0.0013690827181562781
86,53122807.0,1.7116716377607588e-10
87,149347629.0,6.548499186465051e-06
88,267681262.0,0.014891460537910461
89,280911970.0,1.990994678635616e-05
90,139370701.0,0.0051385280676186085
91,51443167.0,0.05833084508776665
92,266485445.0,3.8454200761151025e-12
93,65944990.0,3.22244952943862e-10
94,453024993.0,6.880906511241847e-09
95,50104281.0,0.2615056037902832
96,149598862.0,8.801923172541137e-07
97,268182435.0,0.0010748746572062373
98,73193716.0,2.7130562241239886e-09
99,99934473.0,1.4968849076923973e-11
100,289327753.0,4.4897058293358327e-10
101,150021408.0,0.00021842568821739405
102,25117273.0,7.152669428966973e-11
103,452982723.0,1.4588340030343566e-14
104,349645354.0,4.9693204412504244e-11
105,386458569.0,4.0778610127745196e-05
106,123702439.0,0.9733791351318359
107,265237415.0,0.17413035035133362
108,170160868.0,0.10831952095031738
109,279999655.0,0.4487484097480774
110,154829443.0,1.3494606037056656e-06
111,307306545.0,0.22157593071460724
112,123138493.0,2.4298654466292646e-07
113,350954265.0,0.0013356443960219622
114,125358201.0,8.073944984809955e-11
115,130443621.0,0.00878519844263792
116,238923315.0,0.05073262378573418
117,143741094.0,9.630200565879932e-07
118,452840044.0,0.0004882447829004377
119,184723893.0,2.0086448060396833e-08
120,157077133.0,0.019853845238685608
121,53122894.0,0.0011707348749041557
122,409460813.0,1.8128039300790988e-06
123,66331137.0,7.261000134484163e-11
124,443954043.0,9.631270003751524e-09
125,294328887.0,6.077808620830183e-07
126,22763554.0,0.002431872533634305
127,149573659.0,0.014176279306411743
128,79556838.0,1.267155824713484e-09
129,97578357.0,9.38205630518496e-06
130,93693801.0,3.901376203430118e-06
131,271684683.0,7.734016205240835e-10
132,7268419.0,0.00014828979328740388
133,146333918.0,0.033306777477264404
134,149466784.0,1.2253112413596057e-10
135,257072159.0,8.842769572137144e-11
136,93593996.0,7.697852879573475e-07
137,265237173.0,7.318213874896173e-07
138,167201539.0,0.7801274061203003
139,50111846.0,0.00024477666011080146
140,375148300.0,5.426566531241406e-06
141,55740857.0,0.0012539122253656387
142,285215788.0,1.8511155607491003e-13
143,271793579.0,4.156229613944129e-12
144,280866656.0,0.7063297033309937
145,409689333.0,6.062666780279682e-14
146,13741671.0,1.0470899841630299e-10
147,149603524.0,0.9730632901191711
148,349055133.0,3.3144788176286966e-05
149,388104525.0,0.998221755027771
150,264977128.0,3.5559169541191094e-13
151,255618973.0,0.03203072398900986
152,468980294.0,1.892527870950289e-05
153,81545785.0,0.8875609636306763
154,95196329.0,0.0017877869540825486
155,68202266.0,0.4683709740638733
156,437212966.0,0.14345310628414154
157,419236593.0,8.066756890912075e-06
158,323689495.0,1.331892690359382e-06
159,280099416.0,5.66817448088841e-07
160,238930658.0,0.024882113561034203
161,350715741.0,0.00020741538901347667
162,50713465.0,3.335655102826296e-12
163,431798045.0,4.978835947038254e-14
164,178134347.0,6.439028477078779e-11
165,55781202.0,9.304314517066814e-06
166,283699873.0,5.771301769819104e-10
167,231935664.0,1.2337869614853503e-10
168,146121004.0,0.001513450057245791
169,341932162.0,1.4500864953248538e-09
170,769764761.0,0.15227878093719482
171,25796906.0,0.06620527803897858
172,51443351.0,1.4213642762772594e-10
173,169173084.0,9.768433301360346e-06
174,65951358.0,2.0452645912882872e-05
175,122718040.0,9.726502936402426e-11
176,260353507.0,1.6905622032936662e-05
177,95249440.0,1.4735553055533757e-10
178,270581263.0,8.591905498178676e-06
179,11301907.0,3.051987050639582e-06
180,36026677.0,5.090934271367864e-11
181,175303052.0,1.949748695828646e-11
182,173436250.0,1.459711597817659e-06
183,109309750.0,1.7776741515262984e-05
184,80275202.0,0.0051496438682079315
185,339884930.0,0.0004195402725599706
186,19899729.0,0.00672651594504714
187,238597707.0,0.5782305002212524
188,143669332.0,0.09413490444421768
189,458624708.0,0.9648561477661133
190,340181106.0,5.177174671189277e-07
191,130263716.0,4.660098440467664e-08
192,443900046.0,2.3705484797353904e-10
193,196286587.0,0.951981246471405
194,130960144.0,9.988952026640519e-11
195,26049273.0,0.004031692165881395
196,52642549.0,0.008413206785917282
197,148231261.0,1.1612079333644942e-06
198,375056898.0,9.662949260191844e-12
199,1003831.0,0.9996623992919922
200,271116239.0,2.4871595087461174e-05
201,270507305.0,0.9765000343322754
202,110243658.0,2.5750111376510176e-07
203,53597128.0,7.229844722900225e-09
204,40340867.0,0.00016206319560296834
205,79647440.0,0.0012312510516494513
206,95747759.0,2.542812183037313e-08
207,452358384.0,0.3572520315647125
208,173439314.0,3.316195943625644e-05
209,294667961.0,6.141854100860655e-06
210,271096331.0,4.962917229955899e-11
211,445582408.0,1.1521247245127597e-07
212,430244187.0,6.16500557201749e-13
213,231928819.0,2.09704670295352e-10
214,265239319.0,1.4597926565329544e-05
215,284840799.0,0.0014624762116000056
216,320419098.0,1.0456755461518696e-09
217,334346731.0,3.5649890151034924e-08
218,154989635.0,1.6860173701616077e-08
219,112311668.0,7.045907607361457e-11
220,130647468.0,3.1934087318941096e-11
221,31612223.0,7.776351143692819e-16
222,73407947.0,4.974759804099449e-07
223,270429780.0,5.200426585361129e-06
224,266444236.0,1.6916631290220252e-11
225,334245477.0,1.2521471944637597e-05
226,385566096.0,7.014137048955149e-10
227,259353953.0,0.8811138868331909
228,260353074.0,2.2858037684869714e-10
229,220411786.0,1.997978388637578e-12
230,88863718.0,0.01587904803454876
231,405260062.0,8.17653926787898e-05
232,141152931.0,3.5344620025884455e-12
233,468951694.0,1.591352050134276e-11
234,149473467.0,1.2982131920580287e-05
235,270623499.0,4.704825755652564e-07
236,266194572.0,1.0384968845755793e-05
237,300448625.0,0.0008589504286646843
238,63952037.0,4.762257231050171e-05
239,422123490.0,3.3860542408142846e-12
240,184465924.0,3.61808405457964e-09
241,18914916.0,0.0011522499844431877
242,7060775.0,0.010626927949488163
243,375034551.0,0.0007116636261343956
244,125289048.0,0.00030343301477842033
245,260353841.0,5.8609402913134545e-05
246,79647439.0,6.480607908088132e-07
247,350480660.0,0.9326820373535156
248,141403163.0,5.45243624555658e-12
249,97796278.0,2.5591371013433672e-06
250,22734315.0,1.647857517106388e-09
251,141828072.0,0.19284014403820038
252,341792803.0,0.00172326504252851
253,355361457.0,0.01051727868616581
254,238542895.0,0.9061813354492188
255,187819042.0,2.7734299123949313e-07
256,111821490.0,0.27933233976364136
257,113559026.0,2.5391989311174257e-07
258,341188795.0,8.873480839000081e-10
259,341192914.0,0.010104088112711906
260,183301312.0,5.041814328974269e-16
261,271872721.0,2.787500452683389e-09
262,331921359.0,2.2724740057878367e-18
263,350230129.0,2.7422943276178557e-06
264,41590715.0,0.0007820780156180263
265,97489285.0,0.0019683779682964087
266,271097419.0,1.804251525960865e-09
267,55242082.0,1.971365236386191e-05
268,290179762.0,0.004816877655684948
269,122800553.0,1.290557327671138e-09
270,101010030.0,6.461463726736838e-06
271,22732810.0,6.928520633664448e-06
272,260502102.0,0.001452738419175148
273,444038054.0,1.7863817092234058e-08
274,835380762.0,0.00014380704669747502
275,231455022.0,3.134751386824064e-05
276,50929457.0,1.4172554241298485e-09
277,96802465.0,2.3790085457164878e-09
278,268121081.0,2.7435653464635834e-06
279,350477233.0,0.0029874269384890795
280,443900361.0,0.00013932379079051316
281,286039185.0,5.7306459924633124e-12
282,444013020.0,0.994101881980896
283,340359292.0,0.0006250982405617833
284,145289125.0,0.003592106746509671
285,98283926.0,0.9733492732048035
286,270650681.0,0.2797139286994934
287,179235088.0,0.11290077120065689
288,19074891.0,1.8092601195007774e-08
289,184594806.0,0.3698040246963501
290,455096220.0,0.9958208799362183
291,81676428.0,0.01209100242704153
292,25788130.0,1.0205868095081172e-10
293,143263134.0,3.957855909675345e-08
294,143839504.0,2.7613061837072905e-10
295,350296176.0,0.00011736189480870962
296,231961618.0,8.721327826588521e-11
297,1038216.0,0.0007252638461068273
298,388056282.0,2.1744572222814895e-05
299,878656.0,4.085675808090938e-12
300,64842137.0,5.49913750091946e-08
301,372913376.0,8.30569024401484e-06
302,150187916.0,0.00014778602053411305
303,311925584.0,0.9277248382568359
304,22970720.0,3.2901916711125523e-06
305,141811446.0,0.43346667289733887
306,468969004.0,7.821277904440649e-06
307,112836238.0,1.1889010609333894e-11
308,182098386.0,2.0921306713717058e-05
309,54957535.0,9.048198990058154e-06
310,182777019.0,1.5340744994318811e-06
311,262320829.0,3.376235326868482e-05
312,393842773.0,9.885390422903484e-11
313,38698751.0,0.005074456334114075
314,65662594.0,6.404851774277631e-06
315,149670073.0,2.050960529881296e-12
316,157568289.0,0.8002036809921265
317,219179232.0,2.224557871244315e-09
318,156910057.0,0.00024600018514320254
319,341492266.0,1.1284639001019059e-08
320,350522251.0,1.638922952906796e-07
321,269342631.0,0.2778184115886688
322,445586472.0,0.2601169943809509
323,1606844.0,1.475314981291831e-08
324,80270529.0,2.662020950894295e-11
325,141757920.0,4.6310295147122815e-05
326,284941788.0,6.24533924575843e-10
327,270709500.0,8.550081838620827e-05
328,130452451.0,1.652944945362833e-07
329,443898802.0,2.4566363208577968e-05
330,117942905.0,0.6418615579605103
331,148985606.0,3.750462155949208e-06
332,157460595.0,4.836642696591509e-13
333,147597417.0,0.0008183034951798618
334,152695872.0,6.101256999624383e-11
335,13623021.0,2.7074027457274497e-05
336,182943944.0,0.003253015223890543
337,306510653.0,0.6953436136245728
338,456824022.0,7.253108703919597e-13
339,271206783.0,7.212860170247026e-11
340,65478517.0,0.0006920763407833874
341,184902230.0,0.4190768301486969
342,176254827.0,5.447620878840098e-06
343,130415599.0,0.0006469310028478503
344,349373226.0,0.04503195732831955
345,289535142.0,0.9915639162063599
346,56542524.0,7.631453513567976e-08
347,455176750.0,2.2381387854153445e-09
348,150392753.0,0.00030782780959270895
349,364323133.0,1.230678475794278e-10
350,174603437.0,0.0001586165453772992
351,394138197.0,8.552504368708469e-06
352,364267225.0,1.1889137567777652e-06
353,68062708.0,0.0001578286464791745
354,167812509.0,3.889678623636428e-07
355,53059882.0,0.06309795379638672
356,294784522.0,1.9615636119851843e-06
357,232038798.0,0.9986130595207214
358,281630320.0,1.5422228898387402e-05
359,64211715.0,0.0015167597448453307
360,267832977.0,0.00027621566550806165
361,341549737.0,0.0015826828312128782
362,114647830.0,1.1427207937231287e-05
363,280005259.0,0.0003291429311502725
364,219180512.0,6.215533687736752e-08
365,150441015.0,9.713339160777323e-11
366,867234.0,8.216891728807241e-05
367,291466214.0,0.0004798665759153664
368,231922739.0,7.352511602221057e-06
369,444004327.0,0.008991043083369732
370,62401893.0,0.0001833130809245631
371,126442325.0,0.0002664697531145066
372,38907328.0,0.08952696621417999
373,145286094.0,0.019047528505325317
374,231417080.0,2.0692727045745762e-11
375,176400189.0,2.915673751697698e-14
376,113662487.0,6.3857656940058405e-09
377,173077965.0,0.11484408378601074
378,349308244.0,6.535694763165623e-10
379,468987719.0,0.9977484941482544
380,262577838.0,0.00011640477168839425
381,349152048.0,0.001915067434310913
382,283311736.0,1.0825173180742972e-15
383,382266319.0,7.727768206677865e-06
384,375148305.0,5.5417291150661185e-05
385,167163906.0,0.00047902544611133635
386,271495349.0,3.155182337621909e-09
387,107261534.0,1.4689364391529125e-08
388,231927723.0,1.576625436428003e-05
389,350274840.0,0.8602277040481567
390,268439002.0,1.135189625677338e-13
391,81327713.0,3.288745942242599e-10
392,106486052.0,2.5052286634075216e-12
393,219205407.0,0.45635995268821716
394,38844911.0,2.2633162188867573e-07
395,66602813.0,1.0962017768179066e-05
396,409084440.0,3.7204014802227903e-07
397,139871765.0,0.026123683899641037
398,64057494.0,1.1469384844531305e-05
399,182940476.0,6.443102847697446e-06
400,63353126.0,0.04354602470993996
401,382028425.0,0.05427539348602295
402,293694151.0,0.0002863513655029237
403,452955107.0,1.598353628651239e-05
404,300651846.0,8.93445228911105e-09
405,55873500.0,0.014648385345935822
406,452932084.0,4.032453034596983e-06
407,38842861.0,1.1513781039695914e-08
408,175312727.0,1.1384880538312103e-10
409,231088597.0,7.082673857128352e-12
410,131569174.0,0.00011975526285823435
411,121288040.0,1.4648809383288608e-06
412,140317024.0,5.9425634191256904e-08
413,150413414.0,0.22460564970970154
414,320123978.0,7.23065829433267e-09
415,284935074.0,1.0630024860347476e-07
416,156987351.0,0.793153703212738
417,340065168.0,9.50583562371321e-05
418,283881816.0,0.00048181909369304776
419,255746341.0,1.603896748747502e-08
420,80104342.0,1.058155993383103e-11
421,49832986.0,5.620133265438199e-07
422,350434381.0,5.591380223407549e-12
423,173756330.0,0.00035608623875305057
424,157041453.0,5.8490091760177165e-05
425,88791116.0,3.456386548350565e-05
426,157316453.0,0.0030767491552978754
427,94770581.0,6.5490901590692374e-09
428,238897973.0,0.5295518040657043
429,153651591.0,0.5125830173492432
430,106344480.0,0.00048198021249845624
431,64727867.0,0.00024469863274134696
432,114113062.0,0.0030446569435298443
433,175304980.0,0.0005555672105401754
434,270413721.0,3.4776276152115315e-05
435,422069014.0,2.08886152819332e-09
436,130881764.0,7.951284769491807e-11
437,112322148.0,1.27712977970873e-08
438,268596177.0,1.1696512647318968e-09
439,118601019.0,1.876124589017536e-09
440,238928197.0,0.004468150902539492
441,38699825.0,2.3913034965517e-05
442,237944385.0,0.620327353477478
443,168939751.0,8.40111447075742e-09
444,278683641.0,0.0005103610455989838
445,255637617.0,0.005118416156619787
446,268194758.0,8.286885417874146e-07
447,320224764.0,4.730137756361972e-15
448,13349647.0,0.9986270070075989
449,88751697.0,5.040881601026115e-11
450,177962323.0,1.8270862524750325e-13
451,50835817.0,5.475768276308468e-12
452,170102285.0,0.997373104095459
453,68060528.0,0.00830906257033348
454,25154831.0,5.176914419280365e-05
455,412390366.0,1.6230401911343506e-08
456,350563998.0,4.04553424258821e-17
457,431798128.0,0.0002974894014187157
458,300601006.0,0.8953198194503784
459,167205767.0,2.8778860723832622e-05
460,366323063.0,1.4378861123987008e-05
461,334245467.0,1.8622828292791382e-06
462,278955076.0,2.47650185948578e-12
463,50758245.0,0.0010496188187971711
464,271200918.0,1.9589179237056165e-11
465,278137593.0,1.313121856583166e-06
466,179317684.0,0.9934927821159363
467,126112517.0,6.680396325009497e-08
468,143157800.0,0.04184884577989578
469,415501150.0,4.069578354859438e-11
470,140745278.0,0.0003663718234747648
471,218886638.0,7.070953245147393e-08
472,231972938.0,0.6271909475326538
473,126870507.0,2.0528200667113694e-11
474,379927026.0,3.1998985683401315e-09
475,341847773.0,0.0021184016950428486
476,68280702.0,6.045587641612116e-11
477,59534248.0,0.20731814205646515
478,265279725.0,0.7338699102401733
479,100952636.0,8.395789619086713e-10
480,458588685.0,0.2713213562965393
481,280437223.0,9.375591414340079e-10
482,265130231.0,4.704398537391796e-10
483,294209403.0,0.003004613798111677
484,349905990.0,0.009065543301403522
485,219161221.0,1.5815108781680465e-05
486,149176080.0,0.11592572927474976
487,238564174.0,1.2519747087935684e-06
488,123480394.0,9.93429466689122e-07
489,260301742.0,0.00578711461275816
490,88912943.0,0.0004472746513783932
491,25153167.0,6.093247293392778e-07
492,65155744.0,0.0001682546571828425
493,53458803.0,0.9980018734931946
494,231967272.0,7.17055484000112e-13
495,56239667.0,0.00026019668439403176
496,266548882.0,8.707859322498734e-09
497,1607572.0,3.20411970733403e-07
498,261202953.0,1.261592569790082e-05
499,409797086.0,0.0030223997309803963
500,180574033.0,8.590105835537543e-07
501,169775220.0,0.009509103372693062
502,255641117.0,0.5222191214561462
503,6370958.0,1.5565058963940004e-10
504,231514405.0,0.0002894475474022329
505,219199497.0,0.14414498209953308
506,260242381.0,0.19000481069087982
507,393479064.0,4.451405355432314e-10
508,412773968.0,1.3214808767251411e-15
509,179120455.0,1.4060050346209607e-10
510,149218284.0,0.0030467647593468428
511,927554.0,5.2644969400716946e-05
512,65182740.0,2.2444808564614505e-05
513,107629669.0,1.9761264411499724e-05
514,444037016.0,0.030190620571374893
515,18997890.0,2.6429054855725553e-07
516,148273571.0,1.0976314257504782e-07
517,393491149.0,0.0003827722975984216
518,139386649.0,3.0049135402165916e-10
519,129672595.0,0.019680244848132133
520,112931015.0,6.529418897116557e-05
521,19025965.0,0.6533622741699219
522,196316908.0,0.020704608410596848
523,308851965.0,2.633365056681214e-06
524,238790673.0,5.395375444160189e-13
525,81153419.0,6.502213523162936e-08
526,260128333.0,0.04939373582601547
527,19652108.0,4.3157175241503865e-05
528,452873540.0,2.7744090358439166e-10
529,294052132.0,1.9593158867792226e-05
530,126202362.0,0.00038389131077565253
531,19258388.0,4.8235064831203545e-09
532,278138619.0,0.998144268989563
533,341192298.0,0.06339437514543533
534,915962.0,2.995652337300925e-11
535,289477004.0,0.000916870019864291
536,82474821.0,1.756215533532668e-05
537,452952750.0,1.2992582014703657e-06
538,149208625.0,0.0037331017665565014
539,296603933.0,0.00047813673154450953
540,125788776.0,4.922303450255461e-12
541,36022673.0,2.144638226774312e-13
542,68200684.0,1.0101171454834912e-08
543,154547173.0,1.5133432285097115e-08
544,348603606.0,8.647669386130374e-11
545,118425866.0,8.82264217239026e-09
546,62569341.0,2.5925730369635858e-05
547,320537577.0,1.2634363000252335e-10
548,260473548.0,1.200027054437669e-05
549,142545955.0,2.9323781900944534e-13
550,31109583.0,4.586910108628217e-06
551,106890593.0,4.962715793865868e-10
552,60031353.0,1.5361173666406103e-07
553,413025550.0,3.156378630686518e-11
554,220389297.0,0.10420771688222885
555,347414464.0,0.000288803072180599
556,231377508.0,1.1028571719057245e-12
557,108654375.0,0.24849000573158264
558,237969900.0,1.1799723420580222e-09
559,93963408.0,0.19254760444164276
560,72979472.0,2.7179168204244375e-12
561,50365310.0,0.4320127069950104
562,238709783.0,0.13972260057926178
563,13674021.0,1.3237401084130462e-13
564,30631031.0,4.53128315329242e-17
565,432009136.0,5.667355708283139e-06
566,280909668.0,0.00038441846845671535
567,266328148.0,1.8507668730904925e-09
568,41259805.0,0.10045473277568817
569,410487677.0,0.05281703546643257
570,306668068.0,0.8791936039924622
571,238616042.0,0.010508797131478786
572,22599306.0,1.4859997676808234e-09
573,271375594.0,1.8603726857691072e-05
574,409319605.0,4.9931923058466054e-06
575,444006564.0,0.005566598381847143
576,106493402.0,1.2239632269483991e-05
577,170576165.0,2.229040303031171e-12
578,271807602.0,7.36401416361332e-05
579,98478101.0,2.2696322599102814e-10
580,147595624.0,7.524286749216458e-11
581,300448520.0,0.6061278581619263
582,156173594.0,9.131939805229194e-06
583,453211413.0,4.867061761615332e-06
584,364395234.0,0.9833758473396301
585,270474668.0,3.629571438068524e-06
586,51104846.0,1.782282743079122e-05
587,306736346.0,7.706759060965851e-05
588,52807213.0,0.011967643164098263
589,80462997.0,2.14304200198967e-05
590,269342892.0,6.48686523163633e-07
591,114022668.0,9.103672260479811e-10
592,334252569.0,0.2396460473537445
593,150439289.0,6.091538307373412e-05
594,156115723.0,0.8052571415901184
595,143677045.0,2.0231216694810428e-05
596,366659217.0,1.4273318638124977e-10
597,144799028.0,5.354795717948946e-09
598,184512322.0,7.641383854206651e-05
599,150068381.0,8.282115231850185e-06
600,150412974.0,2.8059405493552347e-11
601,156912113.0,5.641584266413702e-07
602,114300579.0,0.013219793327152729
603,141768070.0,0.9987550973892212
604,284839592.0,6.744090114807477e-06
605,130882355.0,0.0006136183510534465
606,334413302.0,7.679690217088364e-11
607,153193474.0,3.556718808361836e-10
608,22866086.0,0.1689809262752533
609,267685196.0,4.773740511154756e-05
610,123031628.0,5.0906906835734844e-05
611,391927456.0,1.3319750635787386e-08
612,98548145.0,1.6236956223991683e-10
613,266948092.0,0.3403822183609009
614,140891597.0,2.5833267500274815e-05
615,388018467.0,2.1480209375524667e-13
616,82121994.0,1.9294278899906203e-05
617,173139593.0,1.4195824071805418e-08
618,109931835.0,0.00014603693853132427
619,320973589.0,4.2563418067853576e-12
620,51435823.0,0.002426612190902233
621,54637745.0,0.8617691993713379
622,150100106.0,9.245706314686686e-05
623,22766106.0,0.9413113594055176
624,285317652.0,1.495072865509428e-07
625,187716607.0,1.9888302810189273e-11
626,388128331.0,0.00021093638497404754
627,108645766.0,0.2407820224761963
628,152400299.0,1.5003754924691748e-05
629,169714960.0,7.360435372305574e-09
630,177080157.0,2.2059600240237343e-13
631,63304632.0,1.1381880540284328e-05
632,152872186.0,5.546032753045438e-06
633,175021396.0,0.0005690473481081426
634,349195685.0,7.907869076007046e-06
635,823928955.0,4.700135104940273e-05
636,56534123.0,0.9363399744033813
637,183357243.0,3.81922200176632e-06
638,270471042.0,0.9996377825737
639,25799609.0,0.984483540058136
640,455144703.0,4.713208295870075e-11
641,456855363.0,0.009997552260756493
642,123212059.0,5.910927711738623e-07
643,140748121.0,0.0029242453165352345
644,289009024.0,4.369747784949141e-06
645,72975417.0,1.0969898767143604e-08
646,182317262.0,8.471909495710861e-06
647,319923627.0,0.0048165274783968925
648,183977043.0,2.7050085918745026e-05
649,167656416.0,0.00010664791625458747
650,109453823.0,0.0005918035749346018
651,96740590.0,9.159869591712777e-07
652,268193526.0,0.00034341460559517145
653,184800987.0,3.081406463323333e-09
654,443902348.0,2.3998140363801213e-08
655,270475673.0,7.367686460924006e-10
656,131102190.0,2.9960663141537225e-06
657,167601581.0,1.0966795180311628e-11
658,98545929.0,0.9915826916694641
659,350431335.0,0.00657673180103302
660,415143041.0,4.589529711135354e-13
661,114804401.0,6.757610390195623e-05
662,140830390.0,0.07173613458871841
663,118602619.0,6.813013169448823e-05
664,308402238.0,1.274785805345166e-13
665,279615956.0,0.000839634332805872
666,262704741.0,1.8175924196839333e-05
667,134628853.0,3.079981979681179e-06
668,339960875.0,1.0323968126613181e-05
669,66221663.0,0.0001257680414710194
670,53750200.0,0.9999081492424011
671,350712873.0,0.00023177522234618664
672,238006983.0,5.038157668835197e-10
673,382044998.0,1.6071856345778457e-10
674,53979027.0,1.4088216704344347e-10
675,96314825.0,0.0003967569791711867
676,255758536.0,0.00819042231887579
677,65476723.0,3.318988861522598e-09
678,154677780.0,0.03412923216819763
679,432009119.0,4.161425859531805e-15
680,157340109.0,0.1844494640827179
681,156812838.0,2.4625021466384567e-10
682,132778035.0,0.9719395637512207
683,270455231.0,5.137779588477935e-17
684,238374636.0,0.0012447584886103868
685,443957081.0,0.009039908647537231
686,38515566.0,1.0804665606656272e-08
687,143156471.0,1.5712382719357265e-06
688,80805047.0,0.3456486165523529
689,300037796.0,4.53957487919765e-12
690,154604225.0,5.614969111888968e-08
691,412259468.0,0.9970470666885376
692,126594282.0,7.001129415584728e-05
693,269409386.0,0.00855531357228756
694,307551517.0,1.64502978350356e-07
695,134537478.0,0.9704972505569458
696,125791946.0,2.4290523370495976e-08
697,344087362.0,0.5598694086074829
698,183143120.0,1.6266454622382298e-05
699,143668882.0,7.09711900359622e-10
700,140099600.0,0.0005780787905678153
701,64789002.0,6.350654984998982e-06
702,13474493.0,2.2296615497907624e-05
703,271138147.0,5.22635712485453e-10
704,143660085.0,4.2602412577252835e-05
705,176355865.0,3.9303404264501296e-07
706,109446914.0,7.624244985349193e-11
707,141865875.0,1.891417196020484e-05
708,167119957.0,8.63286459207302e-07
709,218531545.0,6.046370799595024e-07
710,10825139.0,0.14759935438632965
711,100205373.0,0.005514844320714474
712,260304800.0,0.9994179606437683
713,386316688.0,4.7763642214704305e-06
714,187819595.0,1.9024417458046727e-11
715,372908110.0,0.0007144307019189
716,150105822.0,0.28407931327819824
717,350146296.0,0.017932359129190445
718,121287602.0,2.1563157925896803e-09
719,409682744.0,5.770708594354801e-05
720,267459131.0,2.4862771841327458e-09
721,156755902.0,4.342497028630987e-09
722,150415559.0,1.3948145416442514e-10
723,350622144.0,6.009295925452074e-12
724,18940649.0,0.18098735809326172
725,6363941.0,6.381181094639032e-08
726,35960943.0,0.014346407726407051
727,154170206.0,0.019348792731761932
728,419092853.0,6.36599822335937e-13
729,173952137.0,1.307841035469437e-08
730,141174223.0,1.7529409888084047e-06
731,777495470.0,6.087826477596536e-05
732,285220336.0,1.582069307914935e-05
733,140471490.0,0.047827787697315216
734,458581889.0,0.10160668939352036
735,63421039.0,1.5947827910686718e-12
736,64665987.0,1.534750822429487e-06
737,150393049.0,1.2918214054025157e-07
738,265168621.0,7.617112714797258e-06
739,83092282.0,0.994398295879364
740,81938199.0,3.397386885706233e-11
741,232020501.0,2.2400072339223698e-06
742,32164907.0,8.122554850942265e-10
743,68472451.0,1.963012651734486e-12
744,169846988.0,3.622236732780948e-08
745,218795833.0,0.8966330289840698
746,22646527.0,9.757118095876649e-05
747,63722540.0,5.578171524689424e-08
748,59855698.0,1.3915851013734937e-05
749,176956893.0,0.7609938383102417
750,154545901.0,0.39508578181266785
751,73410574.0,3.184051736463897e-14
752,50717816.0,7.453670150425751e-06
753,99607788.0,0.0003276492061559111
754,131979933.0,2.9377204668890045e-07
755,348300167.0,2.4620240741957122e-12
756,341485890.0,9.848973858694876e-10
757,19519368.0,0.4456736445426941
758,97798366.0,5.736044972337595e-10
759,262580946.0,2.359781640925984e-12
760,306664945.0,0.014456011354923248
761,156835814.0,2.938339775937493e-07
762,11227040.0,8.110968963137566e-08
763,141624659.0,0.0010893088765442371
764,421906520.0,2.8744364044541726e-07
765,231819720.0,1.9225738690409507e-14
766,179438643.0,4.195039871035533e-10
767,443968884.0,0.18536528944969177
768,147152501.0,1.19743273074846e-08
769,455135327.0,0.9329627752304077
770,458623111.0,0.3499034643173218
771,306773020.0,0.0016276752576231956
772,119492190.0,0.0005014748894609511
773,118284789.0,7.398606172159816e-10
774,238031526.0,1.5761747818032745e-07
775,341335429.0,8.034295717607165e-08
776,340144400.0,0.055129848420619965
777,140828663.0,0.06032221391797066
778,177162886.0,0.9997347593307495
779,63352746.0,9.992548122284006e-09
780,238376950.0,0.04552573338150978
781,320419365.0,3.720437860010861e-07
782,150010692.0,3.713959348394802e-11
783,157095651.0,4.291396960010019e-10
784,284738182.0,0.8009263873100281
785,267833722.0,1.1358323718013708e-05
786,147945278.0,3.229716298847052e-07
787,38696105.0,0.31093376874923706
788,139434669.0,1.3773773389402777e-05
789,153597831.0,0.2063593566417694
790,185189104.0,9.574703341286295e-08
791,300327482.0,5.0769901249660826e-14
792,388499647.0,0.014496631920337677
793,18934965.0,1.14148785774126e-14
794,4867918.0,1.973343842109898e-06
795,25155310.0,0.9954841732978821
796,231968441.0,0.005993734113872051
797,118021229.0,0.45956969261169434
798,170214449.0,3.637949275159258e-09
799,156715098.0,1.663770277104959e-08
800,123874127.0,0.13451778888702393
801,432009487.0,8.893248741514981e-05
802,174420274.0,0.5159526467323303
803,98482765.0,0.025276418775320053
804,279571832.0,0.1613556146621704
805,167812449.0,0.9341903924942017
806,260239481.0,0.00020657961431425065
807,64360680.0,0.29209083318710327
808,50712784.0,0.9809874296188354
809,320970094.0,3.4388748793023893e-11
810,342173536.0,0.0014173600357025862
811,30531417.0,0.004411335103213787
812,101011575.0,0.8157505989074707
813,458658640.0,1.2192644876009588e-16
814,152074002.0,0.0001955711340997368
815,339636032.0,0.8977567553520203
816,173640199.0,0.9986675977706909
817,349273278.0,2.9055706818326144e-07
818,52641320.0,8.377781341550872e-06
819,176957378.0,6.198100663823425e-07
820,972243.0,1.4771828205084603e-07
821,73296637.0,0.0651700347661972
822,293694352.0,0.008335158228874207
823,178065545.0,6.070080636050301e-12
824,19969659.0,1.3573760782037425e-08
825,260160453.0,1.0374524208600633e-05
826,174754016.0,0.18044081330299377
827,113746001.0,9.032841141731751e-10
828,73234028.0,1.2937331916873518e-07
829,38907808.0,3.9712819699389e-08
830,269402627.0,1.2031795115774457e-08
831,733027940.0,1.5762179828016087e-05
832,112484997.0,1.3439899150188839e-12
833,334145861.0,0.14380955696105957
834,386435344.0,0.6190139651298523
835,177353450.0,1.588483655723394e-06
836,349784936.0,3.3676841489726865e-16
837,340361042.0,9.118768502958119e-06
838,126043054.0,1.729663199512288e-05
839,19000129.0,2.2752238461321017e-12
840,150083410.0,9.455021427129395e-06
841,119364533.0,0.00011294583964627236
842,157080766.0,1.6709552578403342e-12
843,117941082.0,6.858248691177238e-11
844,123087755.0,3.0227573916130623e-11
845,126040669.0,6.07701118159748e-13
846,114300563.0,0.023485369980335236
847,176980970.0,2.4825520085869357e-05
848,109313394.0,0.002395958174020052
849,271494319.0,0.2387206256389618
850,339773576.0,0.09676752984523773
851,151721392.0,1.0434152153404597e-10
852,169019065.0,3.960516359313715e-10
853,265402860.0,2.380880687269382e-06
854,4783276.0,0.00019968653214164078
855,185574842.0,0.00039519096026197076
856,300656986.0,0.0001886234531411901
857,348995212.0,0.7180916666984558
858,55497265.0,5.819392390549183e-05
859,64702378.0,5.143500736437545e-09
860,260351380.0,1.779397296175489e-09
861,81352708.0,8.383727845284739e-07
862,55557836.0,1.5598180524989402e-09
863,366655957.0,1.094553780944807e-09
864,62480401.0,6.828845044992704e-08
865,306899755.0,1.161839180419122e-09
866,386259537.0,0.8793643712997437
867,131420290.0,2.6243727916153148e-05
868,232020070.0,5.820636941183954e-13
869,53361605.0,0.7305485010147095
870,268123993.0,2.5442314921519937e-09
871,278269065.0,2.4873529582691845e-06
872,182938696.0,4.343580616711362e-12
873,341105976.0,0.0001126430433942005
874,123327422.0,6.214481254573911e-05
875,350431472.0,2.002630061781474e-09
876,409826422.0,4.003399278751374e-10
877,410450507.0,0.00021360834944061935
878,307458454.0,3.845568062388338e-05
879,262579512.0,3.978152744821273e-05
880,7436002.0,2.7229281052143506e-09
881,272357134.0,0.2853567898273468
882,468928859.0,5.040614041718072e-07
883,108463565.0,0.014383559115231037
884,341626518.0,3.803722137263321e-08
885,332204965.0,0.13831093907356262
886,26049639.0,1.1417239376143584e-09
887,294157254.0,4.1647787996090813e-10
888,382145521.0,3.5267119086190846e-11
889,98385147.0,6.019094250797608e-11
890,177079149.0,0.0016493815928697586
891,130297425.0,0.4027077257633209
892,219163665.0,6.233096261354376e-09
893,143744363.0,0.00036184600321576
894,108121710.0,0.002046356676146388
895,294396667.0,0.14991065859794617
896,53055714.0,2.253996171930339e-06
897,270672809.0,7.457477977368399e-07
898,13670341.0,0.03265388682484627
899,141871560.0,5.705968214897439e-05
900,130334589.0,0.04643827676773071
901,300444070.0,6.610458014311149e-11
902,106750355.0,1.79400435479371e-11
903,148990298.0,8.645112958838297e-10
904,268757175.0,0.15966974198818207
905,149497543.0,8.302673086291179e-05
906,107156513.0,6.479282388394125e-11
907,276863693.0,1.8416738620241624e-11
908,141423634.0,0.0005983044975437224
909,388354171.0,6.57420969218947e-06
910,296249445.0,2.1438111161842244e-06
911,140954676.0,2.859834868917943e-10
912,347448463.0,1.7978940149987466e-06
913,258148917.0,0.05118614435195923
914,350559457.0,4.567075848171953e-06
915,96318880.0,1.3205940507798886e-10
916,186812530.0,0.9718786478042603
917,350562418.0,1.045914982227003e-12
918,271806353.0,0.9998348355293274
919,62396980.0,4.452498786333692e-11
920,434418180.0,2.185986886615865e-05
921,149958965.0,2.3006156008031908e-11
922,173758632.0,7.353069542137547e-12
923,334454648.0,1.7739442137454375e-09
924,350144298.0,0.06114554405212402
925,6276559.0,0.8518112301826477
926,290414979.0,2.964117840065228e-10
927,182526902.0,5.104654920984331e-09
928,113745412.0,0.9860666990280151
929,281423013.0,0.0036140691954642534
930,50888544.0,0.010203132405877113
931,269482193.0,2.190810553803768e-11
932,152085380.0,2.2567741009282827e-09
933,141268467.0,2.006825161515735e-05
934,270425547.0,1.078912292840073e-09
935,299943923.0,0.003362062154337764
936,279999395.0,4.84838280634392e-10
937,154986590.0,5.48916967435531e-10
938,255618166.0,0.10927772521972656
939,6365821.0,1.096377589410169e-11
940,260352702.0,1.6827565559651703e-05
941,140691463.0,0.9983539581298828
942,231417360.0,8.862926961228368e-07
943,175178258.0,0.007431757636368275
944,404765784.0,8.613096902365669e-09
945,323686506.0,3.054280114156427e-06
946,5657040.0,1.219219029735541e-05
947,52689469.0,0.4342039227485657
948,309657355.0,0.0002911077463068068
949,62209915.0,5.750404596938097e-08
950,143478757.0,1.996118131897262e-10
951,53067214.0,6.41372821519326e-07
952,174467341.0,9.93085777736269e-05
953,358511856.0,0.0013031428679823875
954,284423334.0,6.476587387053978e-14
955,170114814.0,0.0003264423576183617
956,109976784.0,0.02419947274029255
957,231962508.0,0.00030829847673885524
958,151164344.0,0.0006875703111290932
959,66220034.0,1.1957957957164922e-09
960,93953782.0,2.814011531881988e-05
961,80809167.0,1.5822959609224085e-10
962,33866201.0,1.3874532669433393e-06
963,176874062.0,0.00025289293262176216
964,143516315.0,7.989339678715623e-07
965,307550823.0,1.2946768990218516e-08
966,264979764.0,1.1229033134441124e-06
967,52771513.0,3.677114446265506e-10
968,348538431.0,0.8179548978805542
969,110481104.0,4.2586667525768007e-10
970,99826728.0,2.7816420242743334e-06
971,281343752.0,0.006725129671394825
972,128910138.0,6.414306596980168e-08
973,260242257.0,0.006481441203504801
974,62209606.0,0.004112725146114826
975,272086159.0,0.6026672124862671
976,468991774.0,0.0002719639160204679
977,79560217.0,5.04811570323227e-09
978,219181266.0,4.9869071517605335e-05
979,294394049.0,2.5656034267740324e-05
980,82365109.0,0.0070974514819681644
981,176607817.0,9.115875276854979e-10
982,348477368.0,1.0926098639174597e-06
983,350230404.0,3.8665000090531976e-09
984,169108606.0,1.1844243630321216e-07
985,63481822.0,4.0020009528518585e-09
986,452950202.0,5.056480234522098e-10
987,127490610.0,0.0017673330148681998
988,29778064.0,4.208237078273669e-05
989,348593993.0,0.0001537903881398961
990,452866790.0,0.6470824480056763
991,80184525.0,1.677319524592824e-12
992,255590987.0,0.005265095271170139
993,118206212.0,0.41639676690101624
994,412782773.0,0.00013139603834133595
995,95246892.0,0.44236278533935547
996,145693229.0,0.00026411705766804516
997,265042113.0,0.0006274441839195788
998,149739367.0,0.00021427843603305519
999,170107635.0,2.8740259061521556e-09
1000,131182655.0,2.0599250305508576e-08
1001,66057631.0,0.00022058145259507
1002,437029535.0,2.165883472571295e-09
1003,179439014.0,0.03837192431092262
1004,358402382.0,1.6504546618278937e-09
1005,184902281.0,9.33614852094422e-10
1006,128906250.0,2.369985041550393e-10
1007,388089437.0,0.8889657855033875
1008,109401648.0,0.001167964655905962
1009,177313167.0,4.054450073454063e-06
1010,72980388.0,5.486601728499352e-10
1011,122796551.0,1.0740195648395456e-05
1012,260972843.0,4.621172593033407e-06
1013,150571036.0,1.9513022664341406e-07
1014,130797038.0,7.784002082189545e-05
1015,350094458.0,5.2278330258559436e-05
1016,157698122.0,0.0013066921383142471
1017,147943295.0,0.00031142577063292265
1018,280618999.0,8.565087773604318e-05
1019,427542445.0,0.0018716020276769996
1020,237918271.0,2.6592970243655145e-06
1021,125170854.0,1.2358254419808645e-09
1022,409880242.0,0.028778672218322754
1023,125619043.0,9.127777644835078e-09
1024,101270573.0,0.2508123517036438
1025,432208244.0,2.826705440384103e-06
1026,63665643.0,1.4423358063453406e-09
1027,231975525.0,2.552429656521582e-10
1028,262498404.0,5.363722355156142e-09
1029,341193629.0,0.003351479070261121
1030,80175590.0,0.0003075512940995395
1031,139514073.0,1.4241958307126268e-12
1032,265446162.0,2.288713440989909e-09
1033,342068123.0,5.931094282374261e-09
1034,347095904.0,8.628938985566492e-08
1035,386314213.0,0.0007268378394655883
1036,36470588.0,0.01731701008975506
1037,349972600.0,0.00010318656131858006
1038,56639628.0,0.8830828666687012
1039,320536216.0,0.8816311955451965
1040,271204416.0,1.6514957223989768e-06
1041,68201469.0,0.0005168807692825794
1042,19515573.0,4.11472596853436e-15
1043,177022859.0,0.0005251700640656054
1044,129171527.0,1.2078594124886877e-08
1045,27649847.0,0.08442206680774689
1046,458587204.0,7.683819136516945e-10
1047,25790328.0,2.0841599557286372e-09
1048,66306730.0,1.119261305859709e-08
1049,341729521.0,0.18829017877578735
1050,456736669.0,0.01690801978111267
1051,114827044.0,0.005757660139352083
1052,114299824.0,0.9903606176376343
1053,110196981.0,9.092578693525866e-06
1054,98035663.0,4.221843763474453e-09
1055,122893800.0,0.0013628111919388175
1056,63579069.0,8.368161164007404e-10
1057,54390047.0,0.28232240676879883
1058,350316426.0,0.0015323994448408484
1059,429148191.0,3.131638948161708e-08
1060,279613634.0,2.603936233303017e-10
1061,170112799.0,3.519612726265997e-11
1062,19186895.0,0.3834235966205597
1063,300705145.0,0.6248754262924194
1064,50716967.0,7.36059650729981e-13
1065,453082318.0,0.48675090074539185
1066,129878638.0,0.08264003694057465
1067,265207699.0,2.481144179000694e-08
1068,47214031.0,0.23929989337921143
1069,342069969.0,1.4516780789605721e-12
1070,123020701.0,0.0001868296239990741
1071,141107304.0,0.06808601319789886
1072,147647548.0,3.7466378444150905e-07
1073,350031852.0,0.8381306529045105
1074,184724339.0,1.6018942899584387e-12
1075,306773798.0,5.477700597111834e-06
1076,169015891.0,0.0002931369235739112
1077,71262585.0,0.0011950297048315406
1078,300448815.0,9.220083484251518e-06
1079,107150953.0,2.5388901576661738e-06
1080,770987081.0,0.28529781103134155
1081,95748258.0,4.461965727386996e-05
1082,456744637.0,0.0034357483964413404
1083,280437559.0,0.9999343752861023
1084,149209311.0,4.708478051895781e-09
1085,143597041.0,1.6440733929812268e-07
1086,272188493.0,0.1892266571521759
1087,30848598.0,0.0006138320313766599
1088,80181457.0,1.1821703083114699e-05
1089,50928117.0,8.737029654447281e-15
1090,927257.0,0.008812131360173225
1091,65665437.0,4.0802002331474796e-05
1092,280365212.0,0.9710683822631836
1093,341186896.0,0.5144273042678833
1094,122908889.0,0.015992138534784317
1095,64790168.0,8.168309778566751e-12
1096,121206683.0,8.220184781748685e-07
1097,13536686.0,2.261771896883147e-06
1098,167554181.0,3.949683105020085e-06
1099,231809798.0,0.0009767776355147362
1100,323595442.0,3.2675342466481627e-12
1101,142910156.0,1.88748563232366e-05
1102,51196456.0,1.2316220265873312e-10
1103,187522975.0,0.0004474954621400684
1104,255598822.0,2.585281322353694e-09
1105,388413127.0,0.09869743883609772
1106,267974864.0,8.969913570591737e-13
1107,146332413.0,5.1052596178324805e-11
1108,97647741.0,0.0001345223281532526
1109,73296233.0,6.267843855312094e-05
1110,108567854.0,1.762857568254894e-11
1111,280436609.0,7.313288278965047e-06
1112,268041302.0,3.972551348851994e-05
1113,148098016.0,0.0015275299083441496
1114,30034081.0,1.4730144357599784e-05
1115,81615511.0,4.651268227462424e-06
1116,264756522.0,3.3795882758980156e-14
1117,260164371.0,2.2596570943278493e-06
1118,174794864.0,0.0012369368923828006
1119,284288080.0,0.8717308044433594
1120,458611649.0,0.0010021856287494302
1121,131106730.0,4.949885640259666e-11
1122,350622984.0,0.001669115386903286
1123,295074429.0,0.06773336231708527
1124,358467700.0,0.02600116655230522
1125,410452598.0,4.866815928039614e-08
1126,323734748.0,1.0752089323051717e-12
1127,143908604.0,9.787123644855455e-07
1128,51106256.0,1.0385420301517456e-10
1129,147290699.0,1.3631667843128081e-11
1130,291553627.0,6.380223283031228e-08
1131,97931135.0,2.2346121113514528e-06
1132,98802123.0,0.5117418169975281
1133,147152188.0,0.007166275288909674
1134,121232986.0,2.83083612107049e-10
1135,81053993.0,1.2138149941165466e-05
1136,95191771.0,2.9820346192366287e-10
1137,278955973.0,0.26494520902633667
1138,231963185.0,0.9269512295722961
1139,62306595.0,4.355547172929519e-11
1140,350332233.0,1.618807118575205e-06
1141,348897766.0,1.0519831761257592e-07
1142,132323511.0,1.9174460703652585e-06
1143,108655743.0,1.0051243179987068e-06
1144,149039372.0,8.203452307498083e-05
1145,173139598.0,5.704601591105529e-08
1146,167005481.0,0.003642261028289795
1147,176494100.0,0.0001532777532702312
1148,52391659.0,0.0006558854365721345
1149,55497281.0,0.0008175078546628356
1150,64365035.0,0.00890486128628254
1151,270574544.0,9.398585461894982e-06
1152,231611674.0,2.114120406515596e-10
1153,128463355.0,0.42519664764404297
1154,339769484.0,3.1205120194499614e-06
1155,178645624.0,1.2332104781798137e-10
1156,98479862.0,0.0572129562497139
1157,167208380.0,0.22141453623771667
1158,65589187.0,3.422800364205614e-05
1159,237394501.0,3.1409950188758876e-14
1160,141608198.0,0.7322946786880493
1161,118492185.0,1.7895251946953294e-10
1162,67944971.0,3.523630221025087e-05
1163,176152984.0,2.0248198779881932e-05
1164,388347284.0,0.0001873098372016102
1165,60182877.0,0.08342299610376358
1166,294048564.0,3.1769042152518523e-07
1167,150437346.0,0.922366738319397
1168,54846979.0,0.04983571916818619
1169,349309552.0,0.0019562842790037394
1170,296352436.0,5.02478451380739e-06
1171,425997655.0,0.7667373418807983
1172,445522107.0,0.035590045154094696
1173,366523909.0,0.11862500756978989
1174,862763.0,5.157265695743263e-05
1175,6272455.0,5.021595583798444e-09
1176,131251330.0,6.494361878139898e-05
1177,52924466.0,0.1101514920592308
1178,106614776.0,1.2094852896993302e-11
1179,142758447.0,1.0842862163684686e-09
1180,129585927.0,7.514262101437907e-09
1181,81746184.0,1.373957911710022e-05
1182,271554516.0,0.005395194981247187
1183,32163601.0,0.30524978041648865
1184,691161.0,7.1416518532263495e-12
1185,173673173.0,0.013088861480355263
1186,238334537.0,3.459606523392722e-05
1187,55672797.0,1.2768706980637035e-08
1188,271012537.0,0.012689988128840923
1189,143157580.0,7.129185632948065e-06
1190,278291931.0,0.8798839449882507
1191,452982680.0,9.025259706252342e-11
1192,31774685.0,3.6950691395531976e-08
1193,167602738.0,2.4399625544901937e-05
1194,265278781.0,0.0035696111153811216
1195,178367144.0,0.9914439916610718
1196,174469887.0,4.896267910226015e-06
1197,88971876.0,0.0008168060448952019
1198,80809938.0,4.8708631794625035e-08
1199,173438648.0,7.932282386491352e-08
1200,413162708.0,4.347067061871712e-08
1201,65138566.0,2.841189909480891e-16
1202,836353664.0,0.005817982833832502
1203,149176305.0,0.0858285129070282
1204,372909935.0,0.9130334854125977
1205,11226969.0,1.676480620993459e-10
1206,349412449.0,2.735016657595679e-10
1207,443969553.0,0.0026539508253335953
1208,88790440.0,1.661076276526785e-09
1209,255556190.0,0.005103279836475849
1210,175072911.0,1.2808916380890878e-06
1211,80649365.0,0.0997062623500824
1212,340362787.0,0.0037319562397897243
1213,141866704.0,0.00339418719522655
1214,13560980.0,3.164614554407308e-06
1215,393621063.0,0.05168310925364494
1216,106409537.0,3.483979216234445e-10
1217,255560473.0,0.35673388838768005
1218,265400803.0,2.1088613494368857e-11
1219,134550346.0,0.10262037813663483
1220,55650494.0,0.001194866024889052
1221,178720855.0,2.101226311002069e-11
1222,130874608.0,0.0013300974387675524
1223,114112263.0,0.03175797313451767
1224,73038411.0,0.003991700243204832
1225,122985747.0,0.0022281440906226635
1226,452895464.0,0.01862218789756298
1227,218996233.0,4.121235178899951e-06
1228,65138947.0,0.010486805811524391
1229,36465811.0,1.3567891601895532e-11
1230,148000851.0,7.314365575439297e-07
1231,437027636.0,3.3146447392384815e-11
1232,25863137.0,2.042704720650601e-11
1233,237918270.0,1.1416132110753097e-06
1234,364425576.0,5.025709015171742e-06
1235,409794137.0,0.9629047513008118
1236,66224033.0,8.827358396956697e-05
1237,409262929.0,0.13296166062355042
1238,266742662.0,0.0006283200345933437
1239,268963753.0,1.3714090982830385e-06
1240,306508608.0,3.312374246888794e-05
1241,148230345.0,2.521217956630295e-10
1242,218531762.0,2.8564477361214813e-07
1243,385916950.0,8.694188727531582e-05
1244,456734873.0,0.012551067396998405
1245,73292084.0,1.9513943239068965e-10
1246,141837812.0,2.6709301891969517e-05
1247,106490989.0,1.9098641246273473e-07
1248,238059180.0,0.933630108833313
1249,153734387.0,2.506494389820091e-08
1250,31842020.0,7.148772738219122e-07
1251,265400898.0,0.01123115699738264
1252,270468559.0,0.9952076077461243
1253,63668120.0,6.668662511088996e-09
1254,364399376.0,1.5968983912983958e-09
1255,300012172.0,1.126708411902655e-05
1256,22861505.0,6.4907568209093824e-09
1257,121387804.0,4.0941704355645925e-06
1258,290159983.0,2.8087117076580626e-09
1259,410451083.0,6.675547047052532e-05
1260,65950451.0,8.341898699582018e-11
1261,25118964.0,0.00010764053149614483
1262,66225260.0,5.311462381030196e-10
1263,868177.0,0.0001480199134675786
1264,54640316.0,1.320770597247221e-14
1265,126031519.0,0.047114335000514984
1266,262570768.0,0.007008309476077557
1267,146885754.0,2.506023600440388e-12
1268,285030153.0,1.8780713162414031e-06
1269,283313209.0,1.1510264963376926e-10
1270,23087068.0,0.4202648103237152
1271,62576534.0,0.0006955213029868901
1272,340985137.0,2.4082624783261508e-11
1273,266659131.0,3.974124918038058e-10
1274,173862702.0,0.0023407998960465193
1275,56639629.0,0.6464166045188904
1276,111537651.0,0.7858946919441223
1277,350297677.0,0.00034589163260534406
1278,153521936.0,4.840606804279446e-10
1279,170275557.0,6.0883416153956205e-05
1280,152587305.0,3.901246600435115e-06
1281,260043723.0,0.38863661885261536
1282,107864484.0,1.8921231248469894e-10
1283,73444511.0,5.620546250639791e-09
1284,155725762.0,1.7309218947048066e-06
1285,141871569.0,5.775694717158331e-06
1286,110205083.0,5.683997983396694e-07
1287,238616419.0,2.9346840513255756e-09
1288,173180455.0,3.15127290377859e-05
1289,38586438.0,0.0018677730113267899
1290,174664357.0,2.7106187086567424e-11
1291,405219270.0,0.01673915423452854
1292,64136033.0,1.2562455594888888e-05
1293,30316134.0,7.32439659765279e-16
1294,19515735.0,1.602823249413632e-05
1295,141708335.0,0.8351742625236511
1296,64549267.0,2.0641007722588256e-05
1297,148476714.0,9.069118789284403e-10
1298,339675323.0,2.5626795824296167e-11
1299,379929661.0,0.9389460682868958
1300,73346562.0,9.642188436576049e-11
1301,238159192.0,0.0028748109471052885
1302,174210704.0,7.597353146593377e-08
1303,340320463.0,7.391622425245714e-09
1304,370236000.0,0.0008117391844280064
1305,238082777.0,1.4041864459385378e-12
1306,320338581.0,0.00010445654334034771
1307,126587856.0,0.0037243966944515705
1308,300444952.0,5.470937480822613e-09
1309,334255247.0,4.317454962759162e-25
1310,157459952.0,0.8782384991645813
1311,458653618.0,4.407549047957815e-10
1312,94582748.0,6.200381354182216e-12
1313,144475181.0,7.473937330360059e-06
1314,13432383.0,0.003980997484177351
1315,231411363.0,0.004407699219882488
1316,134861413.0,8.26423485200678e-10
1317,452851966.0,5.029827110369922e-10
1318,63572058.0,4.28792210072082e-11
1319,309659124.0,8.685848911227367e-07
1320,11226552.0,3.5721644392472385e-11
1321,382528174.0,1.3487503565556835e-05
1322,455141284.0,2.6591177176849e-11
1323,259450047.0,0.00017168930207844824
1324,238073953.0,3.844450979784142e-09
1325,382101519.0,2.095497075060848e-05
1326,123380233.0,0.0014589328784495592
1327,349306411.0,4.7589569476258475e-06
1328,88684250.0,0.9431846737861633
1329,150143153.0,4.499385308776027e-09
1330,231424806.0,2.923548625410888e-10
1331,334514869.0,0.9956771731376648
1332,64136291.0,0.6519827246665955
1333,270650082.0,2.0229353747680534e-09
1334,69370994.0,2.0776413575673836e-11
1335,141865028.0,1.3530060982702707e-07
1336,373985424.0,0.00011435795750003308
1337,259450144.0,0.09288527816534042
1338,153925181.0,1.6724885654184618e-07
1339,41256025.0,1.1003063044023875e-11
1340,23029748.0,6.724103045196994e-12
1341,437141230.0,7.833806847656888e-08
1342,66232113.0,0.0002140185097232461
1343,22767596.0,0.00048714116564951837
1344,81197479.0,8.801051080808975e-06
1345,283783585.0,4.056783797778962e-09
1346,107079567.0,6.456069456817204e-08
1347,258159952.0,0.0027498998679220676
1348,284417955.0,2.905629382932151e-11
1349,152685999.0,9.090690700208626e-11
1350,141263045.0,1.1627308005301984e-08
1351,238160891.0,1.088053758202534e-09
1352,366622912.0,0.9997550845146179
1353,340140730.0,0.009405297227203846
1354,55650590.0,0.057374585419893265
1355,141782808.0,4.15040813095402e-06
1356,112727341.0,5.083499854663387e-05
1357,300443831.0,0.0004567279538605362
1358,218791259.0,1.6995956684695557e-05
1359,95244521.0,2.117725307471119e-05
1360,296352703.0,2.549706668020235e-09
1361,140938247.0,8.569401188651682e-08
1362,174206494.0,1.6892901300025187e-08
1363,29778225.0,0.015148280188441277
1364,231948487.0,2.995277230454299e-14
1365,804141.0,7.662656287266145e-09
1366,278825952.0,2.151503213099204e-05
1367,293647739.0,1.0875187469311376e-12
1368,79931363.0,1.871488530014176e-05
1369,140893238.0,0.0017089259345084429
1370,65666871.0,0.0005462784902192652
1371,153598773.0,1.894567503768485e-05
1372,270000358.0,1.2541421234857353e-09
1373,268644785.0,0.9396265745162964
1374,456676473.0,0.0012452559312805533
1375,144956678.0,0.4119177460670471
1376,156836699.0,0.9991374015808105
1377,382188882.0,0.9185514450073242
1378,281428790.0,0.004367590881884098
1379,1261860.0,0.07771780341863632
1380,54570054.0,0.41146716475486755
1381,148131835.0,0.8509714007377625
1382,63574545.0,8.407857049474998e-11
1383,107675042.0,1.9682588892067088e-09
1384,340255615.0,2.3753132794013254e-08
1385,270648838.0,0.0001226036110892892
1386,125361316.0,6.112001074143336e-07
1387,98074583.0,5.3148469305597246e-06
1388,260369118.0,1.0371919501039883e-07
1389,149135825.0,1.1226624963001086e-08
1390,177175199.0,0.00874149426817894
1391,156836701.0,1.126216915281475e-07
1392,73340345.0,3.062554299049225e-08
1393,139248204.0,8.02496651886031e-06
1394,294154245.0,0.009710151702165604
1395,261136679.0,0.9925826787948608
1396,7845389.0,0.006005963776260614
1397,271922280.0,6.506510608073057e-11
1398,1260909.0,5.1903419062693246e-11
1399,52323003.0,1.1647932069553096e-14
1400,33863453.0,4.828027044823102e-07
1401,300866996.0,3.1176027732726652e-06
1402,47250751.0,1.102402877642926e-14
1403,55627261.0,0.9287036657333374
1404,131027614.0,7.820147374104636e-08
1405,22728199.0,8.741218415764251e-09
1406,144800038.0,0.6413496136665344
1407,270710395.0,0.828961193561554
1408,53177338.0,1.1743181982382112e-09
1409,410450228.0,0.32238033413887024
1410,31273263.0,0.018407130613923073
1411,81802203.0,6.498986678676877e-12
1412,132369656.0,6.593992712966568e-11
1413,64787151.0,1.1171051994551817e-07
1414,156832130.0,8.133013579936232e-06
1415,294092966.0,4.4920983782503754e-05
1416,265135454.0,1.4786762676521903e-06
1417,123191608.0,0.03331197053194046
1418,176444406.0,4.478435309228368e-14
1419,289596375.0,0.025702526792883873
1420,131474386.0,1.0553539812885315e-11
1421,111314129.0,0.0009060200536623597
1422,278731274.0,6.918583494552877e-06
1423,19256766.0,1.0736222674778695e-11
1424,307387075.0,2.967935345730109e-14
1425,274136928.0,2.7875197261550966e-08
1426,260078159.0,5.700003802289189e-10
1427,114932594.0,0.024174338206648827
1428,389669796.0,0.994590163230896
1429,306773428.0,9.42752285482129e-06
1430,238895336.0,0.00019169753068126738
1431,220425740.0,6.092665785217832e-07
1432,123105920.0,1.2515915529724784e-15
1433,114824306.0,0.14205916225910187
1434,341547328.0,0.0013024553190916777
1435,341040849.0,0.29896044731140137
1436,339637059.0,8.775292371865362e-05
1437,156760789.0,2.092726347768803e-08
1438,19186053.0,0.0005021033575758338
1439,88628507.0,7.532598544912616e-09
1440,280438497.0,0.03724149614572525
1441,121235522.0,0.0001528120192233473
1442,238734446.0,7.097902821051605e-10
1443,443994884.0,3.648787522125829e-11
1444,106627605.0,0.0848684012889862
1445,309659126.0,1.3201140518503962e-06
1446,294273900.0,1.6703128835615644e-07
1447,73038591.0,7.476784816273785e-12
1448,55143050.0,1.0201725686442842e-08
1449,79561422.0,1.3516087121051568e-12
1450,285315852.0,0.0010748940985649824
1451,6275614.0,3.0587894883638e-08
1452,270472265.0,0.998661994934082
1453,271893367.0,0.9679540395736694
1454,366655412.0,5.209565556718587e-10
1455,350858713.0,0.003671585815027356
1456,260657291.0,0.4549112319946289
1457,66191395.0,1.0699199165520312e-10
1458,149218335.0,1.1089640626149935e-13
1459,334352009.0,5.863582919118926e-05
1460,22862622.0,4.136021247713728e-10
1461,153732789.0,0.009682728908956051
1462,141435705.0,6.964104670714732e-08
1463,320220938.0,6.358476412060554e-07
1464,334411605.0,1.0902004987656255e-07
1465,321229900.0,2.249558317402034e-10
1466,95422260.0,0.48492860794067383
1467,350030829.0,4.48808932560496e-05
1468,334057598.0,1.924272119424586e-08
1469,456885057.0,3.413435479160398e-05
1470,19026006.0,0.006696621887385845
1471,299847109.0,0.0009186847019009292
1472,379953452.0,2.7741346546317214e-12
1473,443853630.0,3.91223616003078e-11
1474,118562817.0,0.2128191888332367
1475,220587790.0,9.024516377242886e-12
1476,334349245.0,0.06628842651844025
1477,148226714.0,0.33938077092170715
1478,64204892.0,6.907376688854161e-13
1479,149175965.0,2.3653312641869206e-10
1480,267528227.0,0.00014412759628612548
1481,270475697.0,4.733409150747825e-11
1482,350563225.0,4.439094231090124e-11
1483,140522346.0,1.795782827995751e-10
1484,355450245.0,0.030229102820158005
1485,382198167.0,4.185499710729346e-05
1486,349156098.0,8.19985507405363e-05
1487,370113785.0,0.0028255789075046778
1488,114485408.0,5.602979746832659e-10
1489,31961007.0,0.00021186409867368639
1490,128057356.0,0.350125253200531
1491,143259769.0,1.2696779391752067e-12
1492,306635088.0,0.388116717338562
1493,431798338.0,0.03378335386514664
1494,268914377.0,0.7308670282363892
1495,342965401.0,0.0038470185827463865
1496,55595366.0,1.740751940815244e-05
1497,36202057.0,0.00015528003859799355
1498,343963345.0,5.791982893299519e-09
1499,64539333.0,1.6808546661195578e-06
1500,456651046.0,1.9068702385993674e-05
1501,238734662.0,3.323269993416034e-05
1502,231614121.0,9.216215674466826e-15
1503,7209383.0,6.880592762215088e-10
1504,139565208.0,1.8035960238194093e-05
1505,350861103.0,0.0013384782942011952
1506,112061771.0,2.385982611485815e-07
1507,443905631.0,0.0017419636715203524
1508,64919897.0,4.914232354380488e-10
1509,179246484.0,4.65909422153743e-10
1510,184269588.0,1.461506693445358e-09
1511,300038246.0,0.14037218689918518
1512,126039279.0,0.0072021568194031715
1513,423124895.0,0.7381799221038818
1514,93594834.0,0.21644091606140137
1515,38846515.0,0.9831870198249817
1516,308543286.0,0.014330394566059113
1517,306828113.0,0.37344831228256226
1518,118345198.0,1.533141755771794e-07
1519,126273607.0,1.7291536258401408e-10
1520,184989183.0,9.89233086556851e-08
1521,231963182.0,3.655014734249562e-05
1522,96803775.0,0.0002985527680721134
1523,176250706.0,1.59258800591644e-10
1524,31767465.0,7.358265520451823e-06
1525,7138694.0,3.272656812214336e-08
1526,348995211.0,0.8272021412849426
1527,55497266.0,8.810304279904813e-06
1528,271307951.0,8.425806719003504e-09
1529,237936374.0,4.786502749709598e-09
1530,170224449.0,0.0002046737790806219
1531,31842126.0,4.908423001381834e-09
1532,280680714.0,8.815890378821578e-11
1533,349371701.0,6.666086846962571e-05
1534,255744433.0,4.479433317328141e-12
1535,36084020.0,7.539397064830217e-15
1536,156535369.0,1.4119387950484175e-11
1537,363914762.0,0.9912396669387817
1538,51000180.0,4.698214473713991e-12
1539,289002332.0,0.0035109680611640215
1540,153263782.0,3.591907660194238e-09
1541,64200136.0,4.5177297458565135e-09
1542,270580191.0,8.607746460054244e-12
1543,382187849.0,0.03194863349199295
1544,36025500.0,0.010069480165839195
1545,13740649.0,6.16613874626637e-07
1546,238074335.0,0.001615186920389533
1547,265018675.0,0.002121236175298691
1548,100944587.0,0.0011977985268458724
1549,71199223.0,1.4659187752563696e-10
1550,110974138.0,1.4665431535831885e-08
1551,369521705.0,4.396693782382499e-07
1552,261335869.0,1.6962227391559281e-06
1553,178736559.0,0.02341492287814617
1554,64916947.0,2.4012549726393217e-09
1555,4867916.0,1.5699457662776695e-06
1556,266322790.0,4.1845766760549574e-13
1557,64360693.0,0.03889564424753189
1558,344085695.0,3.5563839446695056e-06
1559,443895437.0,4.2563774228267237e-13
1560,332311948.0,1.7542030050776702e-09
1561,133428395.0,7.96291496953927e-05
1562,260188633.0,1.129080555983819e-05
1563,266616890.0,6.069856173240851e-09
1564,149154927.0,2.364879396910685e-13
1565,182469311.0,0.7941375970840454
1566,350297451.0,0.0004041277279611677
1567,350479496.0,0.0001501046644989401
1568,125292738.0,9.285531371583389e-11
1569,38680132.0,1.309566869167611e-05
1570,386257070.0,4.873935477434088e-09
1571,355218493.0,2.1147230654605664e-05
1572,269562511.0,0.0022273771464824677
1573,348996134.0,0.14769871532917023
1574,150358433.0,0.0010943608358502388
1575,382302241.0,0.8052453994750977
1576,823820.0,3.780770835293268e-11
1577,147103573.0,3.2591827903161175e-08
1578,114804400.0,5.175776459509507e-05
1579,283778648.0,1.4651601304649375e-05
1580,63301562.0,3.201324216206558e-05
1581,333821572.0,0.9757379293441772
1582,320416473.0,4.155237860335639e-15
1583,114544708.0,5.17638341045179e-13
1584,118333218.0,1.2717083563984488e-06
1585,114023555.0,0.0026689297519624233
1586,238092738.0,6.411389197324979e-10
1587,274232099.0,1.6813198782435895e-13
1588,156466718.0,0.09651026129722595
1589,306830179.0,1.7184389022872892e-08
1590,270604417.0,0.8466795086860657
1591,271308027.0,0.1973244696855545
1592,388624270.0,0.03239195793867111
1593,184910234.0,0.03868308290839195
1594,141122198.0,7.325608748942614e-06
1595,1038577.0,1.5952354021075976e-11
1596,64596743.0,3.543813159589959e-11
1597,299901158.0,0.0003534848801791668
1598,68013287.0,3.9548249333165586e-05
1599,452949030.0,7.581233418818556e-09
1600,17746821.0,0.9959152936935425
1601,443855018.0,7.611905550319875e-10
1602,255757171.0,9.264822153909336e-08
1603,157036559.0,2.6812458919778237e-09
1604,388680487.0,0.6487407088279724
1605,175977042.0,3.1527473765891045e-05
1606,110225554.0,2.1570299395534676e-06
1607,19118532.0,0.0035725184716284275
1608,96437889.0,2.562338362321892e-11
1609,341420329.0,0.8751108050346375
1610,238129783.0,0.6757465600967407
1611,389925768.0,0.016727162525057793
1612,35882116.0,0.5700324773788452
1613,107668373.0,4.748255677533564e-10
1614,149274367.0,1.5067505955812521e-05
1615,173531213.0,1.4983316237032751e-12
1616,177352028.0,2.5901301796693588e-06
1617,260474194.0,8.3230597738293e-06
1618,22766107.0,0.9945761561393738
1619,280371111.0,2.7847845558426343e-06
1620,260655797.0,2.3739872631267644e-05
1621,65751389.0,7.880676750734783e-17
1622,149991210.0,1.1286625280215734e-11
1623,50368819.0,0.03222260624170303
1624,150747055.0,1.3217689165401225e-09
1625,153116065.0,8.998291013995185e-05
1626,62076666.0,0.008345305919647217
1627,169012126.0,7.399153219012078e-06
1628,293937291.0,4.50969383364308e-12
1629,22529346.0,0.9862435460090637
1630,280577228.0,1.3839411116666617e-13
1631,175385241.0,0.5553054213523865
1632,372910954.0,2.3374459701130945e-08
1633,36474222.0,2.9670486583199818e-06
1634,36019134.0,3.4545497328508645e-05
1635,142076382.0,2.255446361232316e-06
1636,307303649.0,3.3941443433604945e-08
1637,94327030.0,7.086493951646844e-06
1638,255548572.0,0.0003994459693785757
1639,13709935.0,0.0034335560631006956
1640,456734871.0,0.010438435710966587
1641,51261014.0,2.238286916922405e-10
1642,142109430.0,7.144591654650867e-05
1643,177386428.0,3.359022889671154e-18
1644,148046287.0,2.9403736334643327e-05
1645,255589523.0,5.339381823432632e-05
1646,141457913.0,7.059756512620459e-30
1647,140870414.0,1.2426748071447946e-05
1648,60285426.0,1.8944714952340291e-07
1649,167718227.0,3.054124661505675e-12
1650,94236180.0,2.987949869748263e-07
1651,144043410.0,0.7029100060462952
1652,50841523.0,0.0021730088628828526
1653,111954586.0,5.8614044974092394e-05
1654,259353797.0,4.9805483088444236e-14
1655,382259669.0,1.9352962700273924e-13
1656,219164819.0,6.721520406927084e-08
1657,366623285.0,0.005399749614298344
1658,112924653.0,0.0025687855668365955
1659,332083125.0,0.00043124862713739276
1660,321227603.0,4.05262217100244e-05
1661,129094637.0,0.05412983149290085
1662,17816363.0,3.3112104724786207e-10
1663,97797267.0,2.3127699932956602e-07
1664,36238680.0,3.528644083417021e-05
1665,32246786.0,0.0610138475894928
1666,123107967.0,2.9739287421559624e-11
1667,68359019.0,4.0369210795379584e-13
1668,157208961.0,3.388714020502448e-08
1669,431940255.0,0.00012741971295326948
1670,220589669.0,2.1601442767860135e-06
1671,66594742.0,4.637028608311944e-11
1672,121418253.0,0.1248113289475441
1673,437216521.0,1.123984475270845e-05
1674,268911095.0,2.9243025778669107e-07
1675,148131899.0,3.136759518795884e-09
1676,319039689.0,2.6242327294312418e-05
1677,122719895.0,0.13924026489257812
1678,65412605.0,0.8315404653549194
1679,25195455.0,0.0015329180750995874
1680,63044334.0,0.0543590672314167
1681,139715300.0,5.365623678699194e-08
1682,121287173.0,8.109198097372428e-05
1683,818595.0,4.13874445825968e-08
1684,267331962.0,1.0028979868792476e-09
1685,294094184.0,3.441851404578644e-12
1686,294206429.0,0.00015550032549072057
1687,443848390.0,4.8312274320005955e-12
1688,455145576.0,0.002823127433657646
1689,274138511.0,0.8703376054763794
1690,170111106.0,0.07426227629184723
1691,141187075.0,1.4255209634939092e-06
1692,149769633.0,6.772103494298576e-13
1693,296604465.0,2.2353859041590596e-10
1694,129526625.0,0.01761513762176037
1695,468985290.0,3.3015663536417605e-09
1696,410451312.0,3.088825285566606e-15
1697,285411550.0,2.7060946194978897e-06
1698,178002474.0,6.225152615613183e-10
1699,410445955.0,0.0273338221013546
1700,55652035.0,3.4488030487001e-11
1701,179369863.0,1.503763655819057e-07
1702,266949892.0,9.182420379616474e-10
1703,109560523.0,0.0903410017490387
1704,123085204.0,0.0003189970157109201
1705,47785054.0,1.6652202949885009e-09
1706,123327599.0,0.788912832736969
1707,347355277.0,2.4697703793208348e-06
1708,272129477.0,6.227994163054973e-05
1709,73186413.0,1.0641417746981574e-09
1710,284344145.0,4.810110112885013e-06
1711,219171711.0,1.4700523934152443e-05
1712,238597883.0,0.5470700860023499
1713,22863205.0,0.6520193815231323
1714,220389296.0,0.12274585664272308
1715,153855416.0,2.6871849190257535e-09
1716,167718398.0,2.997016053996049e-05
1717,340638718.0,6.192469300003722e-06
1718,219149461.0,0.004921307321637869
1719,96798502.0,0.7172649502754211
1720,68280693.0,7.361048574239248e-06
1721,409319306.0,1.0889065379160456e-05
1722,143260890.0,6.527412921286668e-08
1723,813529007.0,0.31557387113571167
1724,813529012.0,0.17496922612190247
1725,281581467.0,0.009399674832820892
1726,184318481.0,3.876012488035485e-05
1727,64438538.0,0.003128992859274149
1728,260708708.0,1.1511854154377943e-06
1729,6610653.0,0.3791249990463257
1730,95187906.0,3.593754525736681e-13
1731,178009895.0,8.784867833178112e-10
1732,144358990.0,0.00029575073858723044
1733,133423912.0,0.03646783158183098
1734,167692491.0,0.00011823153181467205
1735,319258261.0,1.63142101824304e-12
1736,81292606.0,0.08236418664455414
1737,183907025.0,0.1372060775756836
1738,140393136.0,0.02865084633231163
1739,148096846.0,5.304263914260768e-17
1740,183776571.0,2.158602001145482e-05
1741,65214453.0,2.552529299038042e-10
1742,148463784.0,2.191026471365376e-09
1743,51441172.0,6.382886580391656e-11
1744,97932225.0,2.9928924050182104e-07
1745,31381302.0,1.0120715376871203e-09
1746,155954671.0,0.7588163614273071
1747,187566602.0,0.00048733115545473993
1748,349153143.0,7.822809129720554e-05
1749,55258579.0,1.4772476220059616e-07
1750,381975024.0,1.2838168750306522e-08
1751,342454977.0,0.006545274518430233
1752,366632312.0,7.824114689469752e-09
1753,350293646.0,0.9432945251464844
1754,342004815.0,0.5655959844589233
1755,156179328.0,4.6205209103256095e-10
1756,339859782.0,4.643416104954667e-06
1757,265206475.0,0.09356167912483215
1758,82574591.0,0.7464925050735474
1759,285149078.0,4.0272452039857853e-10
1760,279159916.0,0.9372199177742004
1761,112604564.0,0.9916268587112427
1762,388680617.0,8.807920538755898e-12
1763,415224338.0,2.799302456502062e-10
1764,413073915.0,1.187287860935542e-14
1765,238732648.0,6.415598087505803e-12
1766,25940862.0,2.7897561949430383e-07
1767,140316430.0,0.0007599899545311928
1768,175302712.0,0.0030014547519385815
1769,149600376.0,0.00047436682507395744
1770,294500964.0,0.6072144508361816
1771,64547445.0,2.406877475102931e-10
1772,180968439.0,3.3209379256965432e-12
1773,112593860.0,0.0002141933946404606
1774,183298795.0,8.413143604002471e-08
1775,320343660.0,1.2915443221572787e-05
1776,123749045.0,0.0018533185357227921
1777,148336712.0,3.0036775150454886e-11
1778,288569084.0,4.4875350795337e-06
1779,157000246.0,0.06033516675233841
1780,279939888.0,2.125715228840086e-11
1781,51327191.0,0.0006586521049030125
1782,437033506.0,2.757261427177582e-05
1783,148399880.0,0.33450981974601746
1784,289336056.0,2.63438847559333e-13
1785,5772442.0,0.11242280155420303
1786,55640933.0,0.00012127806257922202
1787,308605702.0,0.00014583244046662003
1788,237979097.0,0.06263129413127899
1789,219176365.0,1.704589749351726e-06
1790,110715940.0,1.4652969948514283e-09
1791,455206965.0,2.1060100152681116e-06
1792,320413718.0,0.007103722542524338
1793,185366256.0,0.0001957440545083955
1794,132456847.0,4.131833070131208e-11
1795,152321871.0,0.06655599921941757
1796,278898255.0,0.0040726205334067345
1797,95188169.0,0.014018168672919273
1798,109831715.0,1.2741456778542215e-08
1799,156536197.0,3.35205783130732e-08
1800,443822950.0,3.843260820701744e-09
1801,53467641.0,0.10820364952087402
1802,53458760.0,6.456064056692412e-06
1803,412682111.0,6.571095230445412e-12
1804,150603433.0,0.420642614364624
1805,271134537.0,7.527191092648877e-10
1806,65136726.0,0.0030405824072659016
1807,274206214.0,5.96247900830349e-07
1808,238081223.0,2.6604882918945805e-07
1809,62628148.0,1.3208626900573783e-11
1810,51035294.0,7.169819437525984e-16
1811,167815117.0,1.8016738749793149e-06
1812,122898877.0,3.548089821947542e-08
1813,64697602.0,3.7543154576269444e-06
1814,107151890.0,6.721577392454492e-07
1815,271698144.0,8.924356507122866e-07
1816,182170926.0,0.0004664873122237623
1817,177283493.0,1.8729955627350137e-05
1818,118425534.0,5.531099124718442e-13
1819,323601275.0,0.00020122271962463856
1820,285995662.0,1.7311220274103534e-13
1821,156931516.0,5.527879586367246e-13
1822,238611271.0,0.00013188517186790705
1823,432009387.0,0.9477437138557434
1824,145397862.0,1.7293594334333307e-09
1825,177163343.0,4.369358208577978e-08
1826,175310067.0,0.17217466235160828
1827,426058243.0,2.519647601673114e-08
1828,60377304.0,8.599504441875183e-10
1829,125174457.0,2.14869011472274e-10
1830,117951956.0,2.48142392050843e-11
1831,279741379.0,0.5461761951446533
1832,184347313.0,8.544349725525535e-07
1833,238932509.0,0.9968879818916321
1834,268966707.0,0.4800208508968353
1835,143543413.0,0.019404402002692223
1836,98080595.0,0.9980724453926086
1837,272429196.0,0.021115824580192566
1838,348895477.0,1.5890096530246645e-11
1839,123029030.0,8.791910659056157e-05
1840,889903.0,2.1741952682674537e-10
1841,458685569.0,1.4095993492446723e-06
1842,219210314.0,0.5616103410720825
1843,56788447.0,7.173351322664612e-12
1844,231379034.0,0.000118003532406874
1845,146968478.0,1.09598295239266e-05
1846,319863494.0,0.005552650894969702
1847,262532456.0,0.0014745459193363786
1848,340007359.0,0.25122612714767456
1849,382632149.0,1.1880979533529512e-10
1850,260654645.0,1.6871821593902186e-13
1851,293271134.0,1.0976474129620328e-07
1852,50895742.0,0.0019390529487282038
1853,403632551.0,0.02965114638209343
1854,152581643.0,0.06714362651109695
1855,129997166.0,0.21704348921775818
1856,53301636.0,0.32695668935775757
1857,110802714.0,1.5161283499764977e-06
1858,157401326.0,4.253352869909577e-08
1859,123871830.0,6.3853007326031275e-09
1860,114879861.0,2.5343460947624408e-05
1861,238951019.0,2.5197543891408714e-06
1862,130375073.0,0.014188776724040508
1863,88970592.0,0.05231073498725891
1864,334252266.0,9.779862466530176e-07
1865,155268582.0,0.0028323468286544085
1866,333941023.0,2.606951784400735e-05
1867,284935176.0,2.5580643823008126e-16
1868,174966719.0,0.000520519504789263
1869,22939503.0,1.5297977370209992e-05
1870,331915323.0,7.555350358809949e-19
1871,268290940.0,0.16348634660243988
1872,231921623.0,0.0022052377462387085
1873,366622585.0,0.22239036858081818
1874,38585410.0,2.0342063180578407e-06
1875,459056359.0,1.4898791960149538e-05
1876,167251459.0,0.0004389446694403887
1877,372851229.0,1.1650549858188697e-08
1878,374861869.0,7.235871635202784e-07
1879,169173173.0,1.2373538305077147e-10
1880,81606110.0,0.020641695708036423
1881,340179350.0,0.2052120417356491
1882,121389437.0,0.8160864114761353
1883,260003467.0,0.9466644525527954
1884,285519100.0,0.15450429916381836
1885,100471546.0,1.9967144453403307e-06
1886,133760004.0,0.0001550948800286278
1887,114307778.0,8.614845503629454e-10
1888,281430065.0,0.21010160446166992
1889,364398410.0,6.942672189325094e-05
1890,295730603.0,1.9701988094311673e-06
1891,458582595.0,0.0008330317214131355
1892,340695136.0,6.557213799718298e-11
1893,456813125.0,3.13694249598484e-06
1894,140635111.0,6.2111746856885475e-09
1895,259445770.0,2.0221855440150094e-11
1896,261259291.0,8.38869709696155e-06
1897,173861466.0,2.1954618123487535e-09
1898,134543194.0,2.1041694708401337e-05
1899,285992696.0,0.0002259227039758116
1900,348751896.0,0.00016503605002071708
1901,358463513.0,0.42208051681518555
1902,415434817.0,1.2799439900845755e-05
1903,134226573.0,1.5753873583435052e-07
1904,111242177.0,0.19119569659233093
1905,132453935.0,0.00013664955622516572
1906,148276243.0,2.649318264769107e-10
1907,342448719.0,0.21142320334911346
1908,175022647.0,1.0132261962780831e-07
1909,106750968.0,0.00013489596312865615
1910,176488058.0,0.009220050647854805
1911,176040974.0,1.0246650195000484e-09
1912,415437315.0,2.2064650551101295e-08
1913,349902873.0,2.9003078907408053e-06
1914,409087789.0,7.087162521202117e-05
1915,142105158.0,0.9855170249938965
1916,66096739.0,8.163520315469797e-13
1917,231928131.0,1.6850728570716456e-05
1918,140747762.0,1.7063282210794117e-13
1919,88861872.0,3.3859318127049676e-11
1920,265077027.0,0.9991466403007507
1921,456821897.0,2.742486238105357e-09
1922,364398097.0,0.0006635835161432624
1923,125360236.0,2.0541586487343722e-10
1924,51362994.0,0.07367722690105438
1925,98284627.0,1.2123216492909705e-06
1926,350842838.0,0.0014021312817931175
1927,65751167.0,0.006097837351262569
1928,196665257.0,2.2582777091884054e-05
1929,270089191.0,7.811841451488277e-12
1930,65946541.0,6.897344428580254e-05
1931,348605290.0,5.31245936130631e-10
1932,121338379.0,0.5328662991523743
1933,285157353.0,3.182378360833127e-09
1934,140946680.0,2.2932800103347972e-10
1935,156466164.0,1.802017757235319e-09
1936,131639164.0,1.7269519503315678e-06
1937,271204362.0,0.1306113749742508
1938,232030067.0,0.20991043746471405
1939,271372236.0,0.05179769545793533
1940,170203297.0,1.760690429364331e-05
1941,141784252.0,0.00016869974206201732
1942,427508467.0,0.005186906084418297
1943,184541121.0,5.125012393636386e-12
1944,268050764.0,1.046896236367445e-09
1945,114018671.0,0.9596800804138184
1946,139834336.0,0.05934561416506767
1947,38608972.0,4.7194052399390785e-07
1948,445648583.0,0.5889365673065186
1949,81210526.0,8.179592259693891e-05
1950,237947691.0,1.317845832460307e-09
1951,130188656.0,0.00020907614089082927
1952,65549019.0,0.01532595045864582
1953,141770047.0,4.034476752678984e-09
1954,270147008.0,0.055696018040180206
1955,270531445.0,3.6340180864513627e-10
1956,185473456.0,3.103682200134017e-09
1957,53688990.0,0.0001194454962387681
1958,145457085.0,0.004494926426559687
1959,350954375.0,8.550280483632378e-10
1960,93510427.0,6.325401899313909e-13
1961,110967886.0,9.714883411615638e-12
1962,366443401.0,3.2571356314292643e-06
1963,150083458.0,4.0753175198915415e-06
1964,64608449.0,0.0007089472492225468
1965,382147080.0,3.029327899639611e-06
1966,187707459.0,3.244758204345999e-07
1967,453211454.0,0.9935916662216187
1968,169015227.0,9.111091685554129e-07
1969,276789915.0,0.00015099547454155982
1970,38587180.0,3.346347148180939e-05
1971,183522571.0,4.649522433730624e-10
1972,52454620.0,0.044455427676439285
1973,185171397.0,3.090327027166495e-06
1974,864738.0,0.09949347376823425
1975,346798783.0,1.8862335467422636e-13
1976,36466727.0,3.533185521931159e-09
1977,156989619.0,7.726698447729774e-11
1978,55652896.0,0.968553364276886
1979,157003013.0,1.7606582424639639e-12
1980,170400314.0,1.2922092285094777e-09
1981,175302441.0,2.379819761699764e-06
1982,219180568.0,0.0017084756400436163
1983,125243525.0,8.523279859673494e-09
1984,156326805.0,5.5196105677168816e-05
1985,157460758.0,3.966192066613694e-13
1986,333941034.0,1.929818063217681e-05
1987,294395926.0,0.8278408050537109
1988,294396726.0,5.147690899320878e-06
1989,265353588.0,0.5897215604782104
1990,134549022.0,0.7987012267112732
1991,150098860.0,0.3759402930736542
1992,47904788.0,3.9640504837734625e-05
1993,178137094.0,6.470939756253458e-11
1994,350443417.0,3.7633457395713776e-05
1995,68206050.0,0.00564010301604867
1996,348898049.0,0.001065251650288701
1997,19256649.0,4.4052953285245167e-07
1998,52640302.0,0.9994252324104309
1999,265237328.0,4.883706633540541e-11
2000,64360119.0,9.462662120540699e-08
2001,266199434.0,0.0003137178428005427
2002,47244751.0,2.92835037902367e-13
2003,129018770.0,2.6895565774509578e-09
2004,142086813.0,0.48556938767433167
2005,131419878.0,0.47479239106178284
2006,132529464.0,0.00026186794275417924
2007,388129392.0,5.607653230654819e-11
2008,96740970.0,2.785109813885356e-07
2009,294269932.0,5.7925637520384043e-05
2010,182837798.0,0.05355307459831238
2011,110713000.0,1.768852598615922e-05
2012,64327217.0,7.816608558641747e-05
2013,156710788.0,1.374863140002347e-10
2014,286434919.0,1.1328773474872378e-09
2015,98540149.0,0.0024972232058644295
2016,156465251.0,9.174902402264706e-07
2017,22864020.0,4.340067243902013e-05
2018,82575256.0,2.947581094758789e-07
2019,268120502.0,7.588918379042298e-05
2020,418891368.0,0.00017216705600731075
2021,458587946.0,0.0009088978986255825
2022,141412532.0,0.17778681218624115
2023,140095893.0,6.900464644132853e-10
2024,147943098.0,3.248764102181667e-08
2025,67862895.0,4.290768993087113e-05
2026,177309964.0,2.685737399588106e-06
2027,139389379.0,3.354761954343921e-11
2028,32169537.0,0.020822005346417427
2029,150431617.0,6.514265351142967e-06
2030,67944232.0,0.00012390193296596408
2031,149539114.0,2.8208534786244854e-05
2032,25195864.0,1.6957439584075473e-05
2033,443860902.0,3.5307270995765805e-11
2034,79863413.0,4.502559089458735e-11
2035,29829291.0,3.7377496653334674e-08
2036,231524014.0,0.004378662444651127
2037,279573219.0,0.061226584017276764
2038,238616361.0,0.0012363409623503685
2039,187774487.0,7.425503281410784e-05
2040,110200988.0,0.14706727862358093
2041,170408342.0,3.794803880852182e-12
2042,393269769.0,0.0005163532332517207
2043,468981993.0,0.9772413969039917
2044,100018252.0,4.98139723914548e-13
2045,66508582.0,4.972052920493297e-05
2046,65044396.0,0.0024613956920802593
2047,126769473.0,0.004969205241650343
2048,95246729.0,1.243442154796881e-11
2049,255548311.0,0.777194619178772
2050,269400980.0,0.972234845161438
2051,443913079.0,1.2407424492266728e-06
2052,7847220.0,5.6472239521099254e-05
2053,270605300.0,7.467092473234516e-06
2054,125951238.0,9.276184681494826e-11
2055,109830424.0,1.1714378160831984e-05
2056,174321330.0,0.0020927595905959606
2057,294090620.0,0.5244573950767517
2058,167526485.0,0.2200697362422943
2059,173077966.0,0.12570792436599731
2060,268301217.0,0.9670165181159973
2061,60382241.0,0.01973063312470913
2062,184096987.0,1.0394612948161353e-10
2063,147238759.0,0.5629388689994812
2064,175255803.0,7.284456842171494e-07
2065,300010120.0,0.00022429092496167868
2066,32052179.0,3.339768994692349e-08
2067,38460465.0,1.6029175764487036e-09
2068,862922.0,4.758210536692786e-08
2069,323734521.0,1.272389554829445e-10
2070,270577175.0,6.593244616937e-09
2071,279251651.0,0.008670699782669544
2072,238926969.0,4.490300852921791e-06
2073,96797806.0,0.24196061491966248
2074,146824464.0,0.036254677921533585
2075,50753397.0,9.591344132786617e-05
2076,174420083.0,9.847274905216974e-13
2077,125057320.0,0.001535276067443192
2078,23084451.0,9.375108493259177e-05
2079,155802984.0,3.796048133608565e-07
2080,264980759.0,1.7449061293084434e-11
2081,59608614.0,1.8603547674388545e-15
2082,382436277.0,6.339820970424626e-07
2083,255565860.0,0.3877272307872772
2084,147977348.0,0.8781221508979797
2085,62397411.0,6.508578280772781e-06
2086,231385280.0,0.6020050644874573
2087,129027628.0,1.0096553801353103e-11
2088,19065232.0,0.06965617090463638
2089,100952187.0,1.0337618348149613e-13
2090,53457068.0,0.0037949334364384413
2091,112322390.0,3.8736216083634645e-06
2092,108124114.0,0.03763587027788162
2093,60229510.0,0.3931555151939392
2094,231528032.0,4.257970420695756e-09
2095,55601705.0,0.8482469320297241
2096,288472501.0,1.668993498959992e-09
2097,319473131.0,0.018417049199342728
2098,379949170.0,9.634014475068398e-08
2099,308924341.0,1.0956603091472061e-07
2100,267466707.0,0.030057206749916077
2101,271309189.0,0.0013636669609695673
2102,346881042.0,0.18391121923923492
2103,413103010.0,1.0661387932486832e-05
2104,319864175.0,1.0395809647151255e-12
2105,306736789.0,5.233075128785458e-08
2106,134475740.0,0.00022992902086116374
2107,179234597.0,7.988385846147139e-07
2108,152328570.0,1.2905020412290469e-06
2109,350292626.0,0.0009424990857951343
2110,108946638.0,0.0021499949507415295
2111,65062000.0,0.008238856680691242
2112,184269456.0,2.032006629474649e-15
2113,258228074.0,0.017190542072057724
2114,339672028.0,0.793376088142395
2115,150284425.0,0.050863124430179596
2116,410448693.0,0.6308092474937439
2117,260540380.0,4.988807589256794e-09
2118,182751691.0,1.4228472566824024e-10
2119,261235351.0,0.0056147826835513115
2120,169111723.0,0.0024834806099534035
2121,97159602.0,6.720983491970145e-11
2122,113822717.0,2.2468742422177e-09
2123,139854100.0,0.000337887613568455
2124,149673491.0,0.0857909694314003
2125,350742475.0,0.0001188122114399448
2126,140333329.0,0.9133684039115906
2127,271925744.0,0.00028795612161047757
2128,169104981.0,0.011415159329771996
2129,231604266.0,0.0014372123405337334
2130,323736379.0,5.940258285264122e-10
2131,278270216.0,2.694321119633969e-05
2132,66236143.0,1.2533647453238927e-09
2133,128905715.0,0.0007679599220864475
2134,1649643.0,0.27399298548698425
2135,307552801.0,0.003072733525186777
2136,271310754.0,0.00013548266724683344
2137,443898996.0,0.008097918704152107
2138,140387723.0,8.175427979040251e-07
2139,65212867.0,0.9638860821723938
2140,55404385.0,0.00039371693856082857
2141,218704481.0,0.00010741048026829958
2142,140802498.0,0.0004427937383297831
2143,65757182.0,0.34816354513168335
2144,196555937.0,0.0006657696212641895
2145,123568250.0,1.9758501366595738e-05
2146,36567255.0,1.4420759643926986e-14
2147,259072377.0,0.004292136523872614
2148,220414807.0,5.041069228717276e-10
2149,294329266.0,1.5542116216238355e-06
2150,393831016.0,1.5265196011681479e-15
2151,65292864.0,7.702053994584901e-10
2152,255760319.0,0.9643011093139648
2153,308452910.0,0.09761864691972733
2154,31683768.0,2.9077549697831273e-05
2155,238667007.0,0.0851132944226265
2156,412955019.0,1.3259364092799153e-11
2157,260269456.0,0.00011139159323647618
2158,11178389.0,3.415794036509823e-11
2159,56640616.0,5.369123755372129e-06
2160,300141210.0,0.00010248910257359967
2161,13741670.0,5.532586194734179e-11
2162,63895476.0,0.08079148828983307
2163,268594354.0,0.01116397324949503
2164,413068209.0,7.536997692625391e-10
2165,237957506.0,0.002006621565669775
2166,772008800.0,0.0008259257301688194
2167,142019056.0,2.678581040527206e-06
2168,287273244.0,0.009041497483849525
2169,167892588.0,0.012460868805646896
2170,255548143.0,5.406173555697058e-14
2171,41230180.0,1.8730601368588395e-05
2172,111376820.0,0.0013000436592847109
2173,113553629.0,0.21009306609630585
2174,50757785.0,3.2459623910182506e-14
2175,453079732.0,0.0015864868182688951
2176,13708886.0,6.672588870326734e-11
2177,232052561.0,0.0012865529861301184
2178,220435095.0,0.9524809718132019
2179,293693311.0,0.043052881956100464
2180,166969346.0,8.92800380825065e-06
2181,422123220.0,6.633331470912163e-12
2182,154074638.0,4.585572366266888e-09
2183,130416415.0,7.703813025727868e-06
2184,309616590.0,0.000515818945132196
2185,144355325.0,2.4408689114352455e-06
2186,129368959.0,9.757076213645632e-07
2187,334055028.0,4.765498306369409e-05
2188,830207611.0,1.8841431028704392e-06
2189,306830299.0,0.07855863869190216
2190,178002833.0,0.937423050403595
2191,296597448.0,1.0311947823415935e-10
2192,271799457.0,0.07531856000423431
2193,133420677.0,7.269165269718769e-10
2194,270579861.0,0.00020312541164457798
2195,150437899.0,2.7037242548446326e-14
2196,266744105.0,2.8627189160856936e-11
2197,149351776.0,0.0005729586118832231
2198,149351763.0,2.064180293359641e-08
2199,55989747.0,0.0023657637648284435
2200,81408050.0,3.997983185399789e-06
2201,299941037.0,0.21201054751873016
2202,405049078.0,1.824600803956855e-05
2203,81583239.0,1.3352269888855517e-05
2204,238014032.0,1.830922496948162e-10
2205,232020903.0,3.6628047382691875e-05
2206,344026538.0,0.08006709814071655
2207,81414865.0,5.717463169574444e-10
2208,51510104.0,6.78555920785584e-07
2209,422124638.0,0.2573588192462921
2210,372913432.0,0.019615869969129562
2211,319609219.0,1.5236472084012576e-09
2212,255688250.0,2.877034374626497e-11
2213,279740441.0,0.6735199093818665
2214,179638690.0,3.264778314360228e-08
2215,182165309.0,2.6900304206378678e-09
2216,1133072.0,0.0006076573044992983
2217,320123698.0,3.188164919265546e-05
2218,319561416.0,7.613529490017867e-13
2219,55848818.0,1.8591113985166885e-05
2220,343964871.0,6.921935710124671e-05
2221,140243158.0,7.216036124191305e-08
2222,142551047.0,0.00038643329753540456
2223,7060804.0,2.280218680539292e-09
2224,452906494.0,4.244327556079952e-08
2225,143326857.0,0.035844724625349045
2226,142184369.0,7.016770275924955e-09
2227,255741187.0,1.0874983757958034e-07
2228,82134021.0,2.416767347312998e-05
2229,358660749.0,0.17687192559242249
2230,64211262.0,3.1538893381366506e-05
2231,65947398.0,1.5627738818600528e-15
2232,64364590.0,1.8981200611278837e-08
2233,255587619.0,0.23830373585224152
2234,113291136.0,1.8738359131020843e-07
2235,413094526.0,3.3346409509249497e-06
2236,147905382.0,7.950013043711568e-12
2237,260269667.0,2.4239022877736716e-07
2238,134119458.0,1.9017512009611437e-09
2239,153437348.0,3.3913318475242704e-05
2240,134355981.0,0.2446465790271759
2241,111488509.0,3.07421033074462e-11
2242,114803903.0,7.873414142878232e-10
2243,68279218.0,0.9175016283988953
2244,293651329.0,5.157592755655749e-11
2245,289595752.0,4.3136272331878445e-09
2246,36084091.0,3.4325023534620414e-07
