tic_id,Sector,Filename
120960812,14,tess2019198215352-s0014-0000000120960812-0150-s_lc.fits
243187830,17,tess2019279210107-s0017-0000000243187830-0161-s_lc.fits
38510224,1,tess2018206045859-s0001-0000000038510224-0120-s_lc.fits
200807066,3,tess2018263035959-s0003-0000000200807066-0123-s_lc.fits
17005768,17,tess2019279210107-s0017-0000000017005768-0161-s_lc.fits
329864959,16,tess2019253231442-s0016-0000000329864959-0152-s_lc.fits
261867566,12,tess2019140104343-s0012-0000000261867566-0144-s_lc.fits
52368076,1,tess2018206045859-s0001-0000000052368076-0120-s_lc.fits
162362398,10,tess2019085135100-s0010-0000000162362398-0140-s_lc.fits
328350926,4,tess2018292075959-s0004-0000000328350926-0124-s_lc.fits
136916387,12,tess2019140104343-s0012-0000000136916387-0144-s_lc.fits
407126408,12,tess2019140104343-s0012-0000000407126408-0144-s_lc.fits
139198430,1,tess2018206045859-s0001-0000000139198430-0120-s_lc.fits
101955023,9,tess2019058134432-s0009-0000000101955023-0139-s_lc.fits
1129033,4,tess2018292075959-s0004-0000000001129033-0124-s_lc.fits
447283466,9,tess2019058134432-s0009-0000000447283466-0139-s_lc.fits
66818296,12,tess2019140104343-s0012-0000000066818296-0144-s_lc.fits
266980320,1,tess2018206045859-s0001-0000000266980320-0120-s_lc.fits
364107753,12,tess2019140104343-s0012-0000000364107753-0144-s_lc.fits
23434737,9,tess2019058134432-s0009-0000000023434737-0139-s_lc.fits
61538902,10,tess2019085135100-s0010-0000000061538902-0140-s_lc.fits
44797824,4,tess2018292075959-s0004-0000000044797824-0124-s_lc.fits
307111282,18,tess2019306063752-s0018-0000000307111282-0162-s_lc.fits
154618248,2,tess2018234235059-s0002-0000000154618248-0121-s_lc.fits
178709444,10,tess2019085135100-s0010-0000000178709444-0140-s_lc.fits
44631965,17,tess2019279210107-s0017-0000000044631965-0161-s_lc.fits
403224672,1,tess2018206045859-s0001-0000000403224672-0120-s_lc.fits
29960109,4,tess2018292075959-s0004-0000000029960109-0124-s_lc.fits
77044471,2,tess2018234235059-s0002-0000000077044471-0121-s_lc.fits
470381900,19,tess2019331140908-s0019-0000000470381900-0164-s_lc.fits
325680697,4,tess2018292075959-s0004-0000000325680697-0124-s_lc.fits
47316976,2,tess2018234235059-s0002-0000000047316976-0121-s_lc.fits
310009611,9,tess2019058134432-s0009-0000000310009611-0139-s_lc.fits
394137592,1,tess2018206045859-s0001-0000000394137592-0120-s_lc.fits
415969908,2,tess2018234235059-s0002-0000000415969908-0121-s_lc.fits
432549364,17,tess2019279210107-s0017-0000000432549364-0161-s_lc.fits
280097543,13,tess2019169103026-s0013-0000000280097543-0146-s_lc.fits
152476657,4,tess2018292075959-s0004-0000000152476657-0124-s_lc.fits
85031598,19,tess2019331140908-s0019-0000000085031598-0164-s_lc.fits
160148385,2,tess2018234235059-s0002-0000000160148385-0121-s_lc.fits
186599508,18,tess2019306063752-s0018-0000000186599508-0162-s_lc.fits
440100539,17,tess2019279210107-s0017-0000000440100539-0161-s_lc.fits
468880077,5,tess2018319095959-s0005-0000000468880077-0125-s_lc.fits
120247528,13,tess2019169103026-s0013-0000000120247528-0146-s_lc.fits
81212286,20,tess2019357164649-s0020-0000000081212286-0165-s_lc.fits
323295479,11,tess2019112060037-s0011-0000000323295479-0143-s_lc.fits
167418903,11,tess2019112060037-s0011-0000000167418903-0143-s_lc.fits
234519192,2,tess2018234235059-s0002-0000000234519192-0121-s_lc.fits
102195674,9,tess2019058134432-s0009-0000000102195674-0139-s_lc.fits
79748331,13,tess2019169103026-s0013-0000000079748331-0146-s_lc.fits
117979455,5,tess2018319095959-s0005-0000000117979455-0125-s_lc.fits
36724087,9,tess2019058134432-s0009-0000000036724087-0139-s_lc.fits
344926234,8,tess2019032160000-s0008-0000000344926234-0136-s_lc.fits
183985250,2,tess2018234235059-s0002-0000000183985250-0121-s_lc.fits
256886630,15,tess2019226182529-s0015-0000000256886630-0151-s_lc.fits
30828562,8,tess2019032160000-s0008-0000000030828562-0136-s_lc.fits
12862099,3,tess2018263035959-s0003-0000000012862099-0123-s_lc.fits
362249359,9,tess2019058134432-s0009-0000000362249359-0139-s_lc.fits
122220263,14,tess2019198215352-s0014-0000000122220263-0150-s_lc.fits
19451711,7,tess2019006130736-s0007-0000000019451711-0131-s_lc.fits
268644785,7,tess2019006130736-s0007-0000000268644785-0131-s_lc.fits
354594208,17,tess2019279210107-s0017-0000000354594208-0161-s_lc.fits
190998418,17,tess2019279210107-s0017-0000000190998418-0161-s_lc.fits
445822015,9,tess2019058134432-s0009-0000000445822015-0139-s_lc.fits
153976959,14,tess2019198215352-s0014-0000000153976959-0150-s_lc.fits
309402106,1,tess2018206045859-s0001-0000000309402106-0120-s_lc.fits
270380593,4,tess2018292075959-s0004-0000000270380593-0124-s_lc.fits
7088246,13,tess2019169103026-s0013-0000000007088246-0146-s_lc.fits
366622912,7,tess2019006130736-s0007-0000000366622912-0131-s_lc.fits
290348383,13,tess2019169103026-s0013-0000000290348383-0146-s_lc.fits
38603673,4,tess2018292075959-s0004-0000000038603673-0124-s_lc.fits
404340025,11,tess2019112060037-s0011-0000000404340025-0143-s_lc.fits
48476907,9,tess2019058134432-s0009-0000000048476907-0139-s_lc.fits
308050066,9,tess2019058134432-s0009-0000000308050066-0139-s_lc.fits
35857242,4,tess2018292075959-s0004-0000000035857242-0124-s_lc.fits
296780789,8,tess2019032160000-s0008-0000000296780789-0136-s_lc.fits
329277372,16,tess2019253231442-s0016-0000000329277372-0152-s_lc.fits
248111245,10,tess2019085135100-s0010-0000000248111245-0140-s_lc.fits
51024887,18,tess2019306063752-s0018-0000000051024887-0162-s_lc.fits
336732616,1,tess2018206045859-s0001-0000000336732616-0120-s_lc.fits
306996324,10,tess2019085135100-s0010-0000000306996324-0140-s_lc.fits
115771549,16,tess2019253231442-s0016-0000000115771549-0152-s_lc.fits
294301883,10,tess2019085135100-s0010-0000000294301883-0140-s_lc.fits
97409519,1,tess2018206045859-s0001-0000000097409519-0120-s_lc.fits
140691463,9,tess2019058134432-s0009-0000000140691463-0139-s_lc.fits
219698950,10,tess2019085135100-s0010-0000000219698950-0140-s_lc.fits
177244357,17,tess2019279210107-s0017-0000000177244357-0161-s_lc.fits
399144800,10,tess2019085135100-s0010-0000000399144800-0140-s_lc.fits
269892793,18,tess2019306063752-s0018-0000000269892793-0162-s_lc.fits
14336130,20,tess2019357164649-s0020-0000000014336130-0165-s_lc.fits
467666275,10,tess2019085135100-s0010-0000000467666275-0140-s_lc.fits
244161191,3,tess2018263035959-s0003-0000000244161191-0123-s_lc.fits
117979694,5,tess2018319095959-s0005-0000000117979694-0125-s_lc.fits
257241363,20,tess2019357164649-s0020-0000000257241363-0165-s_lc.fits
270507305,11,tess2019112060037-s0011-0000000270507305-0143-s_lc.fits
34068865,9,tess2019058134432-s0009-0000000034068865-0139-s_lc.fits
281781375,1,tess2018206045859-s0001-0000000281781375-0120-s_lc.fits
31553893,13,tess2019169103026-s0013-0000000031553893-0146-s_lc.fits
16740101,14,tess2019198215352-s0014-0000000016740101-0150-s_lc.fits
71431780,20,tess2019357164649-s0020-0000000071431780-0165-s_lc.fits
219698776,14,tess2019198215352-s0014-0000000219698776-0150-s_lc.fits
304042899,10,tess2019085135100-s0010-0000000304042899-0140-s_lc.fits
158297421,13,tess2019169103026-s0013-0000000158297421-0146-s_lc.fits
53189332,9,tess2019058134432-s0009-0000000053189332-0139-s_lc.fits
410450228,8,tess2019032160000-s0008-0000000410450228-0136-s_lc.fits
122612091,3,tess2018263035959-s0003-0000000122612091-0123-s_lc.fits
166184426,11,tess2019112060037-s0011-0000000166184426-0143-s_lc.fits
53735810,9,tess2019058134432-s0009-0000000053735810-0139-s_lc.fits
164173105,16,tess2019253231442-s0016-0000000164173105-0152-s_lc.fits
92359850,4,tess2018292075959-s0004-0000000092359850-0124-s_lc.fits
452866790,7,tess2019006130736-s0007-0000000452866790-0131-s_lc.fits
359271092,9,tess2019058134432-s0009-0000000359271092-0139-s_lc.fits
46096489,11,tess2019112060037-s0011-0000000046096489-0143-s_lc.fits
237928815,2,tess2018234235059-s0002-0000000237928815-0121-s_lc.fits
122613513,3,tess2018263035959-s0003-0000000122613513-0123-s_lc.fits
320004517,13,tess2019169103026-s0013-0000000320004517-0146-s_lc.fits
406976746,12,tess2019140104343-s0012-0000000406976746-0144-s_lc.fits
348538431,7,tess2019006130736-s0007-0000000348538431-0131-s_lc.fits
422655579,4,tess2018292075959-s0004-0000000422655579-0124-s_lc.fits
55092869,9,tess2019058134432-s0009-0000000055092869-0139-s_lc.fits
281979481,3,tess2018263035959-s0003-0000000281979481-0123-s_lc.fits
369327947,12,tess2019140104343-s0012-0000000369327947-0144-s_lc.fits
14091704,5,tess2018319095959-s0005-0000000014091704-0125-s_lc.fits
26547036,14,tess2019198215352-s0014-0000000026547036-0150-s_lc.fits
138168780,19,tess2019331140908-s0019-0000000138168780-0164-s_lc.fits
380783252,13,tess2019169103026-s0013-0000000380783252-0146-s_lc.fits
31858844,13,tess2019169103026-s0013-0000000031858844-0146-s_lc.fits
43064903,15,tess2019226182529-s0015-0000000043064903-0151-s_lc.fits
353475866,19,tess2019331140908-s0019-0000000353475866-0164-s_lc.fits
72985822,10,tess2019085135100-s0010-0000000072985822-0140-s_lc.fits
5868998,10,tess2019085135100-s0010-0000000005868998-0140-s_lc.fits
260130483,11,tess2019112060037-s0011-0000000260130483-0143-s_lc.fits
278198753,12,tess2019140104343-s0012-0000000278198753-0144-s_lc.fits
199444169,16,tess2019253231442-s0016-0000000199444169-0152-s_lc.fits
327017634,11,tess2019112060037-s0011-0000000327017634-0143-s_lc.fits
346418409,16,tess2019253231442-s0016-0000000346418409-0152-s_lc.fits
460205581,10,tess2019085135100-s0010-0000000460205581-0140-s_lc.fits
186812530,7,tess2019006130736-s0007-0000000186812530-0131-s_lc.fits
371234684,20,tess2019357164649-s0020-0000000371234684-0165-s_lc.fits
161032923,13,tess2019169103026-s0013-0000000161032923-0146-s_lc.fits
101230735,13,tess2019169103026-s0013-0000000101230735-0146-s_lc.fits
236445129,15,tess2019226182529-s0015-0000000236445129-0151-s_lc.fits
29054413,18,tess2019306063752-s0018-0000000029054413-0162-s_lc.fits
410245915,8,tess2019032160000-s0008-0000000410245915-0136-s_lc.fits
387527558,17,tess2019279210107-s0017-0000000387527558-0161-s_lc.fits
263003176,1,tess2018206045859-s0001-0000000263003176-0120-s_lc.fits
316937670,1,tess2018206045859-s0001-0000000316937670-0120-s_lc.fits
309257814,10,tess2019085135100-s0010-0000000309257814-0140-s_lc.fits
158324245,14,tess2019198215352-s0014-0000000158324245-0150-s_lc.fits
201186294,18,tess2019306063752-s0018-0000000201186294-0162-s_lc.fits
193641523,11,tess2019112060037-s0011-0000000193641523-0143-s_lc.fits
13499636,15,tess2019226182529-s0015-0000000013499636-0151-s_lc.fits
127530399,11,tess2019112060037-s0011-0000000127530399-0143-s_lc.fits
117979897,5,tess2018319095959-s0005-0000000117979897-0125-s_lc.fits
54962195,9,tess2019058134432-s0009-0000000054962195-0139-s_lc.fits
251848941,2,tess2018234235059-s0002-0000000251848941-0121-s_lc.fits
277683130,1,tess2018206045859-s0001-0000000277683130-0120-s_lc.fits
268766053,3,tess2018263035959-s0003-0000000268766053-0123-s_lc.fits
350332997,11,tess2019112060037-s0011-0000000350332997-0143-s_lc.fits
270468559,8,tess2019032160000-s0008-0000000270468559-0136-s_lc.fits
348673213,18,tess2019306063752-s0018-0000000348673213-0162-s_lc.fits
279425357,9,tess2019058134432-s0009-0000000279425357-0139-s_lc.fits
62483237,1,tess2018206045859-s0001-0000000062483237-0120-s_lc.fits
276128561,11,tess2019112060037-s0011-0000000276128561-0143-s_lc.fits
219253008,3,tess2018263035959-s0003-0000000219253008-0123-s_lc.fits
121966220,19,tess2019331140908-s0019-0000000121966220-0164-s_lc.fits
47384844,9,tess2019058134432-s0009-0000000047384844-0139-s_lc.fits
89020549,1,tess2018206045859-s0001-0000000089020549-0120-s_lc.fits
240681314,17,tess2019279210107-s0017-0000000240681314-0161-s_lc.fits
44745077,4,tess2018292075959-s0004-0000000044745077-0124-s_lc.fits
143526444,7,tess2019006130736-s0007-0000000143526444-0131-s_lc.fits
451645081,10,tess2019085135100-s0010-0000000451645081-0140-s_lc.fits
382391899,4,tess2018292075959-s0004-0000000382391899-0124-s_lc.fits
31858843,13,tess2019169103026-s0013-0000000031858843-0146-s_lc.fits
323132914,10,tess2019085135100-s0010-0000000323132914-0140-s_lc.fits
410214986,1,tess2018206045859-s0001-0000000410214986-0120-s_lc.fits
201604954,13,tess2019169103026-s0013-0000000201604954-0146-s_lc.fits
138968089,14,tess2019198215352-s0014-0000000138968089-0150-s_lc.fits
27649847,7,tess2019006130736-s0007-0000000027649847-0131-s_lc.fits
375542276,14,tess2019198215352-s0014-0000000375542276-0150-s_lc.fits
170849515,5,tess2018319095959-s0005-0000000170849515-0125-s_lc.fits
269450900,13,tess2019169103026-s0013-0000000269450900-0146-s_lc.fits
170634116,4,tess2018292075959-s0004-0000000170634116-0124-s_lc.fits
82128636,8,tess2019032160000-s0008-0000000082128636-0136-s_lc.fits
377191482,16,tess2019253231442-s0016-0000000377191482-0152-s_lc.fits
408159788,5,tess2018319095959-s0005-0000000408159788-0125-s_lc.fits
73228647,10,tess2019085135100-s0010-0000000073228647-0140-s_lc.fits
206466531,3,tess2018263035959-s0003-0000000206466531-0123-s_lc.fits
468997317,9,tess2019058134432-s0009-0000000468997317-0139-s_lc.fits
238176110,1,tess2018206045859-s0001-0000000238176110-0120-s_lc.fits
304142124,10,tess2019085135100-s0010-0000000304142124-0140-s_lc.fits
339857675,7,tess2019006130736-s0007-0000000339857675-0131-s_lc.fits
356473034,20,tess2019357164649-s0020-0000000356473034-0165-s_lc.fits
425206121,7,tess2019006130736-s0007-0000000425206121-0131-s_lc.fits
418959198,16,tess2019253231442-s0016-0000000418959198-0152-s_lc.fits
321041369,19,tess2019331140908-s0019-0000000321041369-0164-s_lc.fits
138017750,18,tess2019306063752-s0018-0000000138017750-0162-s_lc.fits
134537478,7,tess2019006130736-s0007-0000000134537478-0131-s_lc.fits
231670397,1,tess2018206045859-s0001-0000000231670397-0120-s_lc.fits
70797900,2,tess2018234235059-s0002-0000000070797900-0121-s_lc.fits
257605131,4,tess2018292075959-s0004-0000000257605131-0124-s_lc.fits
343628284,15,tess2019226182529-s0015-0000000343628284-0151-s_lc.fits
407966340,5,tess2018319095959-s0005-0000000407966340-0125-s_lc.fits
120610833,2,tess2018234235059-s0002-0000000120610833-0121-s_lc.fits
261136679,1,tess2018206045859-s0001-0000000261136679-0120-s_lc.fits
77228304,4,tess2018292075959-s0004-0000000077228304-0124-s_lc.fits
167009792,1,tess2018206045859-s0001-0000000167009792-0120-s_lc.fits
199376584,14,tess2019198215352-s0014-0000000199376584-0150-s_lc.fits
408203470,14,tess2019198215352-s0014-0000000408203470-0150-s_lc.fits
139733308,5,tess2018319095959-s0005-0000000139733308-0125-s_lc.fits
370133522,13,tess2019169103026-s0013-0000000370133522-0146-s_lc.fits
237914496,1,tess2018206045859-s0001-0000000237914496-0120-s_lc.fits
220435095,13,tess2019169103026-s0013-0000000220435095-0146-s_lc.fits
374095457,9,tess2019058134432-s0009-0000000374095457-0139-s_lc.fits
380589029,13,tess2019169103026-s0013-0000000380589029-0146-s_lc.fits
322270620,12,tess2019140104343-s0012-0000000322270620-0144-s_lc.fits
286864983,10,tess2019085135100-s0010-0000000286864983-0140-s_lc.fits
181159386,10,tess2019085135100-s0010-0000000181159386-0140-s_lc.fits
22221375,9,tess2019058134432-s0009-0000000022221375-0139-s_lc.fits
262530407,2,tess2018234235059-s0002-0000000262530407-0121-s_lc.fits
352239069,14,tess2019198215352-s0014-0000000352239069-0150-s_lc.fits
154872375,14,tess2019198215352-s0014-0000000154872375-0150-s_lc.fits
70887357,5,tess2018319095959-s0005-0000000070887357-0125-s_lc.fits
154716798,14,tess2019198215352-s0014-0000000154716798-0150-s_lc.fits
108645766,7,tess2019006130736-s0007-0000000108645766-0131-s_lc.fits
200723869,3,tess2018263035959-s0003-0000000200723869-0123-s_lc.fits
271893367,9,tess2019058134432-s0009-0000000271893367-0139-s_lc.fits
166739520,2,tess2018234235059-s0002-0000000166739520-0121-s_lc.fits
396720998,3,tess2018263035959-s0003-0000000396720998-0123-s_lc.fits
280206394,9,tess2019058134432-s0009-0000000280206394-0139-s_lc.fits
201642601,13,tess2019169103026-s0013-0000000201642601-0146-s_lc.fits
204376737,2,tess2018234235059-s0002-0000000204376737-0121-s_lc.fits
432008938,7,tess2019006130736-s0007-0000000432008938-0131-s_lc.fits
425997655,1,tess2018206045859-s0001-0000000425997655-0120-s_lc.fits
127315102,11,tess2019112060037-s0011-0000000127315102-0143-s_lc.fits
281731203,9,tess2019058134432-s0009-0000000281731203-0139-s_lc.fits
29960110,4,tess2018292075959-s0004-0000000029960110-0124-s_lc.fits
451606970,12,tess2019140104343-s0012-0000000451606970-0144-s_lc.fits
141608198,1,tess2018206045859-s0001-0000000141608198-0120-s_lc.fits
218795833,7,tess2019006130736-s0007-0000000218795833-0131-s_lc.fits
270341214,1,tess2018206045859-s0001-0000000270341214-0120-s_lc.fits
19519368,7,tess2019006130736-s0007-0000000019519368-0131-s_lc.fits
424865156,14,tess2019198215352-s0014-0000000424865156-0150-s_lc.fits
294471966,14,tess2019198215352-s0014-0000000294471966-0150-s_lc.fits
355509914,1,tess2018206045859-s0001-0000000355509914-0120-s_lc.fits
48103627,9,tess2019058134432-s0009-0000000048103627-0139-s_lc.fits
158170594,14,tess2019198215352-s0014-0000000158170594-0150-s_lc.fits
219229644,3,tess2018263035959-s0003-0000000219229644-0123-s_lc.fits
144065872,1,tess2018206045859-s0001-0000000144065872-0120-s_lc.fits
159107668,14,tess2019198215352-s0014-0000000159107668-0150-s_lc.fits
33153766,9,tess2019058134432-s0009-0000000033153766-0139-s_lc.fits
149010208,2,tess2018234235059-s0002-0000000149010208-0121-s_lc.fits
49687222,2,tess2018234235059-s0002-0000000049687222-0121-s_lc.fits
98796344,4,tess2018292075959-s0004-0000000098796344-0124-s_lc.fits
207141131,2,tess2018234235059-s0002-0000000207141131-0121-s_lc.fits
238932509,11,tess2019112060037-s0011-0000000238932509-0143-s_lc.fits
437242640,9,tess2019058134432-s0009-0000000437242640-0139-s_lc.fits
77253676,4,tess2018292075959-s0004-0000000077253676-0124-s_lc.fits
9727392,2,tess2018234235059-s0002-0000000009727392-0121-s_lc.fits
120757718,14,tess2019198215352-s0014-0000000120757718-0150-s_lc.fits
160074939,2,tess2018234235059-s0002-0000000160074939-0121-s_lc.fits
455135327,7,tess2019006130736-s0007-0000000455135327-0131-s_lc.fits
243200602,11,tess2019112060037-s0011-0000000243200602-0143-s_lc.fits
394657039,13,tess2019169103026-s0013-0000000394657039-0146-s_lc.fits
434486077,9,tess2019058134432-s0009-0000000434486077-0139-s_lc.fits
243185500,17,tess2019279210107-s0017-0000000243185500-0161-s_lc.fits
141527579,1,tess2018206045859-s0001-0000000141527579-0120-s_lc.fits
250386181,4,tess2018292075959-s0004-0000000250386181-0124-s_lc.fits
461271719,11,tess2019112060037-s0011-0000000461271719-0143-s_lc.fits
386435344,8,tess2019032160000-s0008-0000000386435344-0136-s_lc.fits
319259194,5,tess2018319095959-s0005-0000000319259194-0125-s_lc.fits
101497191,9,tess2019058134432-s0009-0000000101497191-0139-s_lc.fits
101011575,8,tess2019032160000-s0008-0000000101011575-0136-s_lc.fits
177162886,9,tess2019058134432-s0009-0000000177162886-0139-s_lc.fits
402026209,2,tess2018234235059-s0002-0000000402026209-0121-s_lc.fits
267561446,15,tess2019226182529-s0015-0000000267561446-0151-s_lc.fits
163539739,15,tess2019226182529-s0015-0000000163539739-0151-s_lc.fits
219164808,5,tess2018319095959-s0005-0000000219164808-0125-s_lc.fits
104208182,18,tess2019306063752-s0018-0000000104208182-0162-s_lc.fits
67418624,18,tess2019306063752-s0018-0000000067418624-0162-s_lc.fits
14614418,10,tess2019085135100-s0010-0000000014614418-0140-s_lc.fits
293954617,14,tess2019198215352-s0014-0000000293954617-0150-s_lc.fits
164767175,3,tess2018263035959-s0003-0000000164767175-0123-s_lc.fits
1528696,5,tess2018319095959-s0005-0000000001528696-0125-s_lc.fits
47525799,2,tess2018234235059-s0002-0000000047525799-0121-s_lc.fits
273985865,1,tess2018206045859-s0001-0000000273985865-0120-s_lc.fits
299798795,1,tess2018206045859-s0001-0000000299798795-0120-s_lc.fits
58542531,19,tess2019331140908-s0019-0000000058542531-0164-s_lc.fits
349373192,11,tess2019112060037-s0011-0000000349373192-0143-s_lc.fits
274662200,15,tess2019226182529-s0015-0000000274662200-0151-s_lc.fits
311183180,5,tess2018319095959-s0005-0000000311183180-0125-s_lc.fits
287156968,11,tess2019112060037-s0011-0000000287156968-0143-s_lc.fits
83092282,8,tess2019032160000-s0008-0000000083092282-0136-s_lc.fits
176957796,1,tess2018206045859-s0001-0000000176957796-0120-s_lc.fits
451599528,12,tess2019140104343-s0012-0000000451599528-0144-s_lc.fits
35009898,9,tess2019058134432-s0009-0000000035009898-0139-s_lc.fits
259962054,1,tess2018206045859-s0001-0000000259962054-0120-s_lc.fits
55452495,7,tess2019006130736-s0007-0000000055452495-0131-s_lc.fits
350153977,12,tess2019140104343-s0012-0000000350153977-0144-s_lc.fits
69747919,2,tess2018234235059-s0002-0000000069747919-0121-s_lc.fits
120916706,3,tess2018263035959-s0003-0000000120916706-0123-s_lc.fits
22529346,7,tess2019006130736-s0007-0000000022529346-0131-s_lc.fits
267263253,1,tess2018206045859-s0001-0000000267263253-0120-s_lc.fits
130181866,20,tess2019357164649-s0020-0000000130181866-0165-s_lc.fits
238197709,12,tess2019140104343-s0012-0000000238197709-0144-s_lc.fits
78154865,8,tess2019032160000-s0008-0000000078154865-0136-s_lc.fits
405700729,11,tess2019112060037-s0011-0000000405700729-0143-s_lc.fits
144138509,9,tess2019058134432-s0009-0000000144138509-0139-s_lc.fits
444842193,9,tess2019058134432-s0009-0000000444842193-0139-s_lc.fits
285048486,20,tess2019357164649-s0020-0000000285048486-0165-s_lc.fits
287563610,11,tess2019112060037-s0011-0000000287563610-0143-s_lc.fits
37575651,8,tess2019032160000-s0008-0000000037575651-0136-s_lc.fits
364395234,9,tess2019058134432-s0009-0000000364395234-0139-s_lc.fits
253990973,13,tess2019169103026-s0013-0000000253990973-0146-s_lc.fits
38541473,4,tess2018292075959-s0004-0000000038541473-0124-s_lc.fits
398943781,10,tess2019085135100-s0010-0000000398943781-0140-s_lc.fits
234345288,1,tess2018206045859-s0001-0000000234345288-0120-s_lc.fits
283474780,17,tess2019279210107-s0017-0000000283474780-0161-s_lc.fits
357457104,15,tess2019226182529-s0015-0000000357457104-0151-s_lc.fits
61988212,10,tess2019085135100-s0010-0000000061988212-0140-s_lc.fits
104024556,10,tess2019085135100-s0010-0000000104024556-0140-s_lc.fits
348755723,8,tess2019032160000-s0008-0000000348755723-0136-s_lc.fits
1103432,8,tess2019032160000-s0008-0000000001103432-0136-s_lc.fits
149788158,8,tess2019032160000-s0008-0000000149788158-0136-s_lc.fits
101395259,8,tess2019032160000-s0008-0000000101395259-0136-s_lc.fits
460984940,10,tess2019085135100-s0010-0000000460984940-0140-s_lc.fits
431999925,7,tess2019006130736-s0007-0000000431999925-0131-s_lc.fits
139528693,5,tess2018319095959-s0005-0000000139528693-0125-s_lc.fits
70899085,5,tess2018319095959-s0005-0000000070899085-0125-s_lc.fits
304100538,1,tess2018206045859-s0001-0000000304100538-0120-s_lc.fits
422923265,18,tess2019306063752-s0018-0000000422923265-0162-s_lc.fits
413248763,8,tess2019032160000-s0008-0000000413248763-0136-s_lc.fits
306955329,17,tess2019279210107-s0017-0000000306955329-0161-s_lc.fits
35516889,9,tess2019058134432-s0009-0000000035516889-0139-s_lc.fits
367366318,19,tess2019331140908-s0019-0000000367366318-0164-s_lc.fits
298372701,12,tess2019140104343-s0012-0000000298372701-0144-s_lc.fits
85242435,20,tess2019357164649-s0020-0000000085242435-0165-s_lc.fits
316916655,5,tess2018319095959-s0005-0000000316916655-0125-s_lc.fits
179985715,2,tess2018234235059-s0002-0000000179985715-0121-s_lc.fits
417676622,14,tess2019198215352-s0014-0000000417676622-0150-s_lc.fits
151825527,9,tess2019058134432-s0009-0000000151825527-0139-s_lc.fits
174041208,16,tess2019253231442-s0016-0000000174041208-0152-s_lc.fits
17746821,7,tess2019006130736-s0007-0000000017746821-0131-s_lc.fits
260304800,9,tess2019058134432-s0009-0000000260304800-0139-s_lc.fits
124573851,9,tess2019058134432-s0009-0000000124573851-0139-s_lc.fits
462162948,9,tess2019058134432-s0009-0000000462162948-0139-s_lc.fits
420049884,4,tess2018292075959-s0004-0000000420049884-0124-s_lc.fits
375506058,15,tess2019226182529-s0015-0000000375506058-0151-s_lc.fits
335499997,9,tess2019058134432-s0009-0000000335499997-0139-s_lc.fits
2760710,2,tess2018234235059-s0002-0000000002760710-0121-s_lc.fits
8400842,19,tess2019331140908-s0019-0000000008400842-0164-s_lc.fits
169226822,9,tess2019058134432-s0009-0000000169226822-0139-s_lc.fits
55488511,5,tess2018319095959-s0005-0000000055488511-0125-s_lc.fits
183537452,2,tess2018234235059-s0002-0000000183537452-0121-s_lc.fits
219187649,9,tess2019058134432-s0009-0000000219187649-0139-s_lc.fits
82362447,8,tess2019032160000-s0008-0000000082362447-0136-s_lc.fits
281575427,1,tess2018206045859-s0001-0000000281575427-0120-s_lc.fits
38686737,5,tess2018319095959-s0005-0000000038686737-0125-s_lc.fits
271168962,11,tess2019112060037-s0011-0000000271168962-0143-s_lc.fits
9725627,2,tess2018234235059-s0002-0000000009725627-0121-s_lc.fits
54085154,9,tess2019058134432-s0009-0000000054085154-0139-s_lc.fits
352413427,17,tess2019279210107-s0017-0000000352413427-0161-s_lc.fits
12423815,2,tess2018234235059-s0002-0000000012423815-0121-s_lc.fits
38460940,1,tess2018206045859-s0001-0000000038460940-0120-s_lc.fits
439456714,3,tess2018263035959-s0003-0000000439456714-0123-s_lc.fits
260004324,1,tess2018206045859-s0001-0000000260004324-0120-s_lc.fits
76989773,2,tess2018234235059-s0002-0000000076989773-0121-s_lc.fits
437248515,9,tess2019058134432-s0009-0000000437248515-0139-s_lc.fits
9006668,2,tess2018234235059-s0002-0000000009006668-0121-s_lc.fits
88977253,7,tess2019006130736-s0007-0000000088977253-0131-s_lc.fits
277507814,15,tess2019226182529-s0015-0000000277507814-0151-s_lc.fits
211438925,2,tess2018234235059-s0002-0000000211438925-0121-s_lc.fits
435680451,18,tess2019306063752-s0018-0000000435680451-0162-s_lc.fits
151681127,9,tess2019058134432-s0009-0000000151681127-0139-s_lc.fits
259511357,3,tess2018263035959-s0003-0000000259511357-0123-s_lc.fits
188989177,5,tess2018319095959-s0005-0000000188989177-0125-s_lc.fits
47484268,2,tess2018234235059-s0002-0000000047484268-0121-s_lc.fits
50312495,2,tess2018234235059-s0002-0000000050312495-0121-s_lc.fits
100100827,2,tess2018234235059-s0002-0000000100100827-0121-s_lc.fits
348844154,11,tess2019112060037-s0011-0000000348844154-0143-s_lc.fits
377064495,8,tess2019032160000-s0008-0000000377064495-0136-s_lc.fits
38509907,1,tess2018206045859-s0001-0000000038509907-0120-s_lc.fits
308034948,10,tess2019085135100-s0010-0000000308034948-0140-s_lc.fits
146463781,7,tess2019006130736-s0007-0000000146463781-0131-s_lc.fits
278348461,14,tess2019198215352-s0014-0000000278348461-0150-s_lc.fits
30122649,8,tess2019032160000-s0008-0000000030122649-0136-s_lc.fits
125442121,16,tess2019253231442-s0016-0000000125442121-0152-s_lc.fits
281541555,1,tess2018206045859-s0001-0000000281541555-0120-s_lc.fits
360156606,11,tess2019112060037-s0011-0000000360156606-0143-s_lc.fits
468987719,7,tess2019006130736-s0007-0000000468987719-0131-s_lc.fits
334305570,10,tess2019085135100-s0010-0000000334305570-0140-s_lc.fits
279740441,1,tess2018206045859-s0001-0000000279740441-0120-s_lc.fits
158623531,2,tess2018234235059-s0002-0000000158623531-0121-s_lc.fits
4646810,4,tess2018292075959-s0004-0000000004646810-0124-s_lc.fits
157586003,26,tess2020160202036-s0026-0000000157586003-0188-s_lc.fits
92352620,1,tess2018206045859-s0001-0000000092352620-0120-s_lc.fits
172193428,7,tess2019006130736-s0007-0000000172193428-0131-s_lc.fits
231702397,1,tess2018206045859-s0001-0000000231702397-0120-s_lc.fits
214361331,12,tess2019140104343-s0012-0000000214361331-0144-s_lc.fits
6663331,13,tess2019169103026-s0013-0000000006663331-0146-s_lc.fits
289793076,1,tess2018206045859-s0001-0000000289793076-0120-s_lc.fits
219338557,1,tess2018206045859-s0001-0000000219338557-0120-s_lc.fits
281924357,10,tess2019085135100-s0010-0000000281924357-0140-s_lc.fits
19025965,7,tess2019006130736-s0007-0000000019025965-0131-s_lc.fits
51912829,1,tess2018206045859-s0001-0000000051912829-0120-s_lc.fits
165317334,10,tess2019085135100-s0010-0000000165317334-0140-s_lc.fits
110428269,14,tess2019198215352-s0014-0000000110428269-0150-s_lc.fits
166836920,3,tess2018263035959-s0003-0000000166836920-0123-s_lc.fits
286132427,8,tess2019032160000-s0008-0000000286132427-0136-s_lc.fits
300810086,10,tess2019085135100-s0010-0000000300810086-0140-s_lc.fits
241225337,20,tess2019357164649-s0020-0000000241225337-0165-s_lc.fits
117979850,5,tess2018319095959-s0005-0000000117979850-0125-s_lc.fits
237924601,2,tess2018234235059-s0002-0000000237924601-0121-s_lc.fits
178284730,4,tess2018292075959-s0004-0000000178284730-0124-s_lc.fits
410153553,1,tess2018206045859-s0001-0000000410153553-0120-s_lc.fits
229047362,10,tess2019085135100-s0010-0000000229047362-0140-s_lc.fits
22843856,18,tess2019306063752-s0018-0000000022843856-0162-s_lc.fits
149833117,20,tess2019357164649-s0020-0000000149833117-0165-s_lc.fits
181804752,9,tess2019058134432-s0009-0000000181804752-0139-s_lc.fits
174143743,8,tess2019032160000-s0008-0000000174143743-0136-s_lc.fits
292321872,18,tess2019306063752-s0018-0000000292321872-0162-s_lc.fits
382474101,2,tess2018234235059-s0002-0000000382474101-0121-s_lc.fits
305048087,2,tess2018234235059-s0002-0000000305048087-0121-s_lc.fits
151959065,9,tess2019058134432-s0009-0000000151959065-0139-s_lc.fits
440887364,11,tess2019112060037-s0011-0000000440887364-0143-s_lc.fits
308919449,1,tess2018206045859-s0001-0000000308919449-0120-s_lc.fits
307610438,11,tess2019112060037-s0011-0000000307610438-0143-s_lc.fits
70440470,1,tess2018206045859-s0001-0000000070440470-0120-s_lc.fits
297967252,9,tess2019058134432-s0009-0000000297967252-0139-s_lc.fits
15445551,10,tess2019085135100-s0010-0000000015445551-0140-s_lc.fits
394698182,12,tess2019140104343-s0012-0000000394698182-0144-s_lc.fits
179317684,9,tess2019058134432-s0009-0000000179317684-0139-s_lc.fits
73723286,9,tess2019058134432-s0009-0000000073723286-0139-s_lc.fits
305424003,12,tess2019140104343-s0012-0000000305424003-0144-s_lc.fits
74534430,8,tess2019032160000-s0008-0000000074534430-0136-s_lc.fits
92226327,3,tess2018263035959-s0003-0000000092226327-0123-s_lc.fits
267489265,15,tess2019226182529-s0015-0000000267489265-0151-s_lc.fits
131081852,10,tess2019085135100-s0010-0000000131081852-0140-s_lc.fits
431514478,17,tess2019279210107-s0017-0000000431514478-0161-s_lc.fits
140830390,11,tess2019112060037-s0011-0000000140830390-0143-s_lc.fits
219239945,3,tess2018263035959-s0003-0000000219239945-0123-s_lc.fits
313506357,17,tess2019279210107-s0017-0000000313506357-0161-s_lc.fits
296739893,8,tess2019032160000-s0008-0000000296739893-0136-s_lc.fits
141527965,1,tess2018206045859-s0001-0000000141527965-0120-s_lc.fits
238197638,12,tess2019140104343-s0012-0000000238197638-0144-s_lc.fits
406941612,12,tess2019140104343-s0012-0000000406941612-0144-s_lc.fits
129979528,18,tess2019306063752-s0018-0000000129979528-0162-s_lc.fits
118327550,2,tess2018234235059-s0002-0000000118327550-0121-s_lc.fits
274138511,7,tess2019006130736-s0007-0000000274138511-0131-s_lc.fits
470987100,20,tess2019357164649-s0020-0000000470987100-0165-s_lc.fits
237920046,1,tess2018206045859-s0001-0000000237920046-0120-s_lc.fits
119081096,8,tess2019032160000-s0008-0000000119081096-0136-s_lc.fits
155114483,17,tess2019279210107-s0017-0000000155114483-0161-s_lc.fits
158276040,26,tess2020160202036-s0026-0000000158276040-0188-s_lc.fits
275248683,8,tess2019032160000-s0008-0000000275248683-0136-s_lc.fits
15863518,20,tess2019357164649-s0020-0000000015863518-0165-s_lc.fits
351601843,13,tess2019169103026-s0013-0000000351601843-0146-s_lc.fits
13684720,14,tess2019198215352-s0014-0000000013684720-0150-s_lc.fits
13349647,8,tess2019032160000-s0008-0000000013349647-0136-s_lc.fits
261257684,12,tess2019140104343-s0012-0000000261257684-0144-s_lc.fits
184679932,18,tess2019306063752-s0018-0000000184679932-0162-s_lc.fits
459942762,5,tess2018319095959-s0005-0000000459942762-0125-s_lc.fits
184240683,2,tess2018234235059-s0002-0000000184240683-0121-s_lc.fits
468148930,13,tess2019169103026-s0013-0000000468148930-0146-s_lc.fits
207084429,2,tess2018234235059-s0002-0000000207084429-0121-s_lc.fits
13021029,5,tess2018319095959-s0005-0000000013021029-0125-s_lc.fits
266593143,15,tess2019226182529-s0015-0000000266593143-0151-s_lc.fits
315002523,8,tess2019032160000-s0008-0000000315002523-0136-s_lc.fits
360742636,13,tess2019169103026-s0013-0000000360742636-0146-s_lc.fits
441462736,2,tess2018234235059-s0002-0000000441462736-0121-s_lc.fits
96097215,8,tess2019032160000-s0008-0000000096097215-0136-s_lc.fits
152147232,10,tess2019085135100-s0010-0000000152147232-0140-s_lc.fits
172370679,14,tess2019198215352-s0014-0000000172370679-0150-s_lc.fits
120585579,2,tess2018234235059-s0002-0000000120585579-0121-s_lc.fits
366989877,13,tess2019169103026-s0013-0000000366989877-0146-s_lc.fits
318022259,20,tess2019357164649-s0020-0000000318022259-0165-s_lc.fits
166833457,4,tess2018292075959-s0004-0000000166833457-0124-s_lc.fits
49899799,4,tess2018292075959-s0004-0000000049899799-0124-s_lc.fits
73717937,10,tess2019085135100-s0010-0000000073717937-0140-s_lc.fits
220475245,12,tess2019140104343-s0012-0000000220475245-0144-s_lc.fits
158588995,9,tess2019058134432-s0009-0000000158588995-0139-s_lc.fits
77031414,2,tess2018234235059-s0002-0000000077031414-0121-s_lc.fits
326919774,17,tess2019279210107-s0017-0000000326919774-0161-s_lc.fits
121338379,7,tess2019006130736-s0007-0000000121338379-0131-s_lc.fits
388104525,1,tess2018206045859-s0001-0000000388104525-0120-s_lc.fits
100990000,3,tess2018263035959-s0003-0000000100990000-0123-s_lc.fits
150030205,1,tess2018206045859-s0001-0000000150030205-0120-s_lc.fits
429304876,9,tess2019058134432-s0009-0000000429304876-0139-s_lc.fits
253728991,13,tess2019169103026-s0013-0000000253728991-0146-s_lc.fits
356158613,14,tess2019198215352-s0014-0000000356158613-0150-s_lc.fits
210873792,12,tess2019140104343-s0012-0000000210873792-0144-s_lc.fits
239154970,20,tess2019357164649-s0020-0000000239154970-0165-s_lc.fits
153065527,3,tess2018263035959-s0003-0000000153065527-0123-s_lc.fits
277634430,10,tess2019085135100-s0010-0000000277634430-0140-s_lc.fits
120896927,3,tess2018263035959-s0003-0000000120896927-0123-s_lc.fits
183532609,2,tess2018234235059-s0002-0000000183532609-0121-s_lc.fits
207081058,1,tess2018206045859-s0001-0000000207081058-0120-s_lc.fits
249945230,18,tess2019306063752-s0018-0000000249945230-0162-s_lc.fits
447061717,9,tess2019058134432-s0009-0000000447061717-0139-s_lc.fits
206609630,1,tess2018206045859-s0001-0000000206609630-0120-s_lc.fits
289535142,8,tess2019032160000-s0008-0000000289535142-0136-s_lc.fits
259863352,1,tess2018206045859-s0001-0000000259863352-0120-s_lc.fits
261108236,12,tess2019140104343-s0012-0000000261108236-0144-s_lc.fits
25375553,1,tess2018206045859-s0001-0000000025375553-0120-s_lc.fits
175180796,7,tess2019006130736-s0007-0000000175180796-0131-s_lc.fits
28230919,14,tess2019198215352-s0014-0000000028230919-0150-s_lc.fits
290131778,1,tess2018206045859-s0001-0000000290131778-0120-s_lc.fits
405454160,8,tess2019032160000-s0008-0000000405454160-0136-s_lc.fits
452808876,5,tess2018319095959-s0005-0000000452808876-0125-s_lc.fits
174302697,16,tess2019253231442-s0016-0000000174302697-0152-s_lc.fits
16288184,12,tess2019140104343-s0012-0000000016288184-0144-s_lc.fits
158978373,11,tess2019112060037-s0011-0000000158978373-0143-s_lc.fits
440777904,7,tess2019006130736-s0007-0000000440777904-0131-s_lc.fits
70513361,3,tess2018263035959-s0003-0000000070513361-0123-s_lc.fits
144440290,2,tess2018234235059-s0002-0000000144440290-0121-s_lc.fits
391949880,1,tess2018206045859-s0001-0000000391949880-0120-s_lc.fits
16920150,17,tess2019279210107-s0017-0000000016920150-0161-s_lc.fits
281459670,1,tess2018206045859-s0001-0000000281459670-0120-s_lc.fits
112395568,13,tess2019169103026-s0013-0000000112395568-0146-s_lc.fits
120602501,16,tess2019253231442-s0016-0000000120602501-0152-s_lc.fits
147660201,9,tess2019058134432-s0009-0000000147660201-0139-s_lc.fits
111991770,11,tess2019112060037-s0011-0000000111991770-0143-s_lc.fits
220396259,3,tess2018263035959-s0003-0000000220396259-0123-s_lc.fits
73649615,10,tess2019085135100-s0010-0000000073649615-0140-s_lc.fits
308994098,1,tess2018206045859-s0001-0000000308994098-0120-s_lc.fits
141768070,10,tess2019085135100-s0010-0000000141768070-0140-s_lc.fits
125405602,11,tess2019112060037-s0011-0000000125405602-0143-s_lc.fits
176984236,4,tess2018292075959-s0004-0000000176984236-0124-s_lc.fits
294395926,7,tess2019006130736-s0007-0000000294395926-0131-s_lc.fits
43647325,5,tess2018319095959-s0005-0000000043647325-0125-s_lc.fits
230982885,2,tess2018234235059-s0002-0000000230982885-0121-s_lc.fits
126733133,8,tess2019032160000-s0008-0000000126733133-0136-s_lc.fits
69679391,14,tess2019198215352-s0014-0000000069679391-0150-s_lc.fits
453211454,7,tess2019006130736-s0007-0000000453211454-0131-s_lc.fits
430677414,16,tess2019253231442-s0016-0000000430677414-0152-s_lc.fits
355703913,1,tess2018206045859-s0001-0000000355703913-0120-s_lc.fits
398733009,4,tess2018292075959-s0004-0000000398733009-0124-s_lc.fits
161477033,4,tess2018292075959-s0004-0000000161477033-0124-s_lc.fits
335630746,10,tess2019085135100-s0010-0000000335630746-0140-s_lc.fits
413376180,10,tess2019085135100-s0010-0000000413376180-0140-s_lc.fits
453260209,10,tess2019085135100-s0010-0000000453260209-0140-s_lc.fits
437333618,11,tess2019112060037-s0011-0000000437333618-0143-s_lc.fits
86396382,20,tess2019357164649-s0020-0000000086396382-0165-s_lc.fits
423275733,8,tess2019032160000-s0008-0000000423275733-0136-s_lc.fits
1449640,5,tess2018319095959-s0005-0000000001449640-0125-s_lc.fits
1003831,8,tess2019032160000-s0008-0000000001003831-0136-s_lc.fits
317507345,18,tess2019306063752-s0018-0000000317507345-0162-s_lc.fits
384159646,12,tess2019140104343-s0012-0000000384159646-0144-s_lc.fits
29344935,1,tess2018206045859-s0001-0000000029344935-0120-s_lc.fits
70914192,5,tess2018319095959-s0005-0000000070914192-0125-s_lc.fits
131419878,7,tess2019006130736-s0007-0000000131419878-0131-s_lc.fits
274762761,14,tess2019198215352-s0014-0000000274762761-0150-s_lc.fits
308307606,4,tess2018292075959-s0004-0000000308307606-0124-s_lc.fits
184952758,8,tess2019032160000-s0008-0000000184952758-0136-s_lc.fits
406672232,14,tess2019198215352-s0014-0000000406672232-0150-s_lc.fits
9033144,2,tess2018234235059-s0002-0000000009033144-0121-s_lc.fits
178155732,4,tess2018292075959-s0004-0000000178155732-0124-s_lc.fits
320417762,7,tess2019006130736-s0007-0000000320417762-0131-s_lc.fits
224225541,2,tess2018234235059-s0002-0000000224225541-0121-s_lc.fits
233390838,15,tess2019226182529-s0015-0000000233390838-0151-s_lc.fits
158561566,14,tess2019198215352-s0014-0000000158561566-0150-s_lc.fits
189013224,5,tess2018319095959-s0005-0000000189013224-0125-s_lc.fits
9858404,4,tess2018292075959-s0004-0000000009858404-0124-s_lc.fits
44737596,4,tess2018292075959-s0004-0000000044737596-0124-s_lc.fits
220029715,11,tess2019112060037-s0011-0000000220029715-0143-s_lc.fits
59003115,5,tess2018319095959-s0005-0000000059003115-0125-s_lc.fits
176860064,17,tess2019279210107-s0017-0000000176860064-0161-s_lc.fits
159951311,3,tess2018263035959-s0003-0000000159951311-0123-s_lc.fits
229811538,10,tess2019085135100-s0010-0000000229811538-0140-s_lc.fits
231081369,9,tess2019058134432-s0009-0000000231081369-0139-s_lc.fits
248092710,10,tess2019085135100-s0010-0000000248092710-0140-s_lc.fits
429358906,10,tess2019085135100-s0010-0000000429358906-0140-s_lc.fits
178819686,10,tess2019085135100-s0010-0000000178819686-0140-s_lc.fits
231912935,1,tess2018206045859-s0001-0000000231912935-0120-s_lc.fits
257567854,4,tess2018292075959-s0004-0000000257567854-0124-s_lc.fits
299799658,1,tess2018206045859-s0001-0000000299799658-0120-s_lc.fits
77156829,4,tess2018292075959-s0004-0000000077156829-0124-s_lc.fits
140068425,1,tess2018206045859-s0001-0000000140068425-0120-s_lc.fits
176778112,4,tess2018292075959-s0004-0000000176778112-0124-s_lc.fits
140760434,11,tess2019112060037-s0011-0000000140760434-0143-s_lc.fits
183979262,1,tess2018206045859-s0001-0000000183979262-0120-s_lc.fits
312862941,18,tess2019306063752-s0018-0000000312862941-0162-s_lc.fits
44647437,4,tess2018292075959-s0004-0000000044647437-0124-s_lc.fits
169532369,5,tess2018319095959-s0005-0000000169532369-0125-s_lc.fits
204317710,2,tess2018234235059-s0002-0000000204317710-0121-s_lc.fits
201248411,1,tess2018206045859-s0001-0000000201248411-0120-s_lc.fits
52204645,1,tess2018206045859-s0001-0000000052204645-0120-s_lc.fits
348770361,12,tess2019140104343-s0012-0000000348770361-0144-s_lc.fits
248075138,10,tess2019085135100-s0010-0000000248075138-0140-s_lc.fits
396740648,19,tess2019331140908-s0019-0000000396740648-0164-s_lc.fits
51234631,20,tess2019357164649-s0020-0000000051234631-0165-s_lc.fits
410094645,8,tess2019032160000-s0008-0000000410094645-0136-s_lc.fits
50309953,1,tess2018206045859-s0001-0000000050309953-0120-s_lc.fits
64071894,4,tess2018292075959-s0004-0000000064071894-0124-s_lc.fits
235037761,1,tess2018206045859-s0001-0000000235037761-0120-s_lc.fits
260647166,10,tess2019085135100-s0010-0000000260647166-0140-s_lc.fits
90504905,14,tess2019198215352-s0014-0000000090504905-0150-s_lc.fits
102672709,19,tess2019331140908-s0019-0000000102672709-0164-s_lc.fits
461662295,20,tess2019357164649-s0020-0000000461662295-0165-s_lc.fits
183120439,13,tess2019169103026-s0013-0000000183120439-0146-s_lc.fits
123702439,7,tess2019006130736-s0007-0000000123702439-0131-s_lc.fits
307210830,2,tess2018234235059-s0002-0000000307210830-0121-s_lc.fits
322063810,2,tess2018234235059-s0002-0000000322063810-0121-s_lc.fits
260985861,11,tess2019112060037-s0011-0000000260985861-0143-s_lc.fits
299158887,14,tess2019198215352-s0014-0000000299158887-0150-s_lc.fits
76923707,2,tess2018234235059-s0002-0000000076923707-0121-s_lc.fits
327301957,13,tess2019169103026-s0013-0000000327301957-0146-s_lc.fits
381979901,12,tess2019140104343-s0012-0000000381979901-0144-s_lc.fits
179034327,4,tess2018292075959-s0004-0000000179034327-0124-s_lc.fits
279741379,1,tess2018206045859-s0001-0000000279741379-0120-s_lc.fits
154840461,14,tess2019198215352-s0014-0000000154840461-0150-s_lc.fits
191284318,17,tess2019279210107-s0017-0000000191284318-0161-s_lc.fits
1133072,8,tess2019032160000-s0008-0000000001133072-0136-s_lc.fits
280830734,1,tess2018206045859-s0001-0000000280830734-0120-s_lc.fits
421894914,1,tess2018206045859-s0001-0000000421894914-0120-s_lc.fits
383390264,12,tess2019140104343-s0012-0000000383390264-0144-s_lc.fits
63698669,2,tess2018234235059-s0002-0000000063698669-0121-s_lc.fits
409934330,13,tess2019169103026-s0013-0000000409934330-0146-s_lc.fits
12421862,2,tess2018234235059-s0002-0000000012421862-0121-s_lc.fits
119700084,16,tess2019253231442-s0016-0000000119700084-0152-s_lc.fits
445805961,19,tess2019331140908-s0019-0000000445805961-0164-s_lc.fits
333473672,16,tess2019253231442-s0016-0000000333473672-0152-s_lc.fits
130924120,10,tess2019085135100-s0010-0000000130924120-0140-s_lc.fits
14661418,10,tess2019085135100-s0010-0000000014661418-0140-s_lc.fits
387834907,16,tess2019253231442-s0016-0000000387834907-0152-s_lc.fits
264979636,7,tess2019006130736-s0007-0000000264979636-0131-s_lc.fits
153077621,3,tess2018263035959-s0003-0000000153077621-0123-s_lc.fits
28900646,19,tess2019331140908-s0019-0000000028900646-0164-s_lc.fits
123482865,7,tess2019006130736-s0007-0000000123482865-0131-s_lc.fits
408310006,8,tess2019032160000-s0008-0000000408310006-0136-s_lc.fits
106402532,9,tess2019058134432-s0009-0000000106402532-0139-s_lc.fits
216935214,12,tess2019140104343-s0012-0000000216935214-0144-s_lc.fits
293708935,11,tess2019112060037-s0011-0000000293708935-0143-s_lc.fits
367607434,16,tess2019253231442-s0016-0000000367607434-0152-s_lc.fits
373424049,9,tess2019058134432-s0009-0000000373424049-0139-s_lc.fits
146846569,9,tess2019058134432-s0009-0000000146846569-0139-s_lc.fits
128790976,13,tess2019169103026-s0013-0000000128790976-0146-s_lc.fits
389070884,12,tess2019140104343-s0012-0000000389070884-0144-s_lc.fits
37749396,3,tess2018263035959-s0003-0000000037749396-0123-s_lc.fits
256783784,15,tess2019226182529-s0015-0000000256783784-0151-s_lc.fits
387259626,17,tess2019279210107-s0017-0000000387259626-0161-s_lc.fits
306263608,17,tess2019279210107-s0017-0000000306263608-0161-s_lc.fits
317060587,1,tess2018206045859-s0001-0000000317060587-0120-s_lc.fits
260476837,11,tess2019112060037-s0011-0000000260476837-0143-s_lc.fits
311121985,19,tess2019331140908-s0019-0000000311121985-0164-s_lc.fits
9804616,4,tess2018292075959-s0004-0000000009804616-0124-s_lc.fits
36734222,9,tess2019058134432-s0009-0000000036734222-0139-s_lc.fits
38696105,3,tess2018263035959-s0003-0000000038696105-0123-s_lc.fits
369960846,13,tess2019169103026-s0013-0000000369960846-0146-s_lc.fits
133334108,7,tess2019006130736-s0007-0000000133334108-0131-s_lc.fits
219189765,9,tess2019058134432-s0009-0000000219189765-0139-s_lc.fits
63898957,3,tess2018263035959-s0003-0000000063898957-0123-s_lc.fits
101948569,2,tess2018234235059-s0002-0000000101948569-0121-s_lc.fits
259377017,3,tess2018263035959-s0003-0000000259377017-0123-s_lc.fits
286865921,10,tess2019085135100-s0010-0000000286865921-0140-s_lc.fits
234994474,1,tess2018206045859-s0001-0000000234994474-0120-s_lc.fits
455096220,7,tess2019006130736-s0007-0000000455096220-0131-s_lc.fits
11561667,9,tess2019058134432-s0009-0000000011561667-0139-s_lc.fits
366576758,7,tess2019006130736-s0007-0000000366576758-0131-s_lc.fits
425934411,1,tess2018206045859-s0001-0000000425934411-0120-s_lc.fits
201793781,2,tess2018234235059-s0002-0000000201793781-0121-s_lc.fits
190990336,9,tess2019058134432-s0009-0000000190990336-0139-s_lc.fits
427654774,17,tess2019279210107-s0017-0000000427654774-0161-s_lc.fits
42054565,3,tess2018263035959-s0003-0000000042054565-0123-s_lc.fits
466840711,10,tess2019085135100-s0010-0000000466840711-0140-s_lc.fits
326453034,2,tess2018234235059-s0002-0000000326453034-0121-s_lc.fits
173612049,16,tess2019253231442-s0016-0000000173612049-0152-s_lc.fits
458589703,7,tess2019006130736-s0007-0000000458589703-0131-s_lc.fits
89256802,4,tess2018292075959-s0004-0000000089256802-0124-s_lc.fits
149990841,9,tess2019058134432-s0009-0000000149990841-0139-s_lc.fits
379240073,13,tess2019169103026-s0013-0000000379240073-0146-s_lc.fits
233951353,14,tess2019198215352-s0014-0000000233951353-0150-s_lc.fits
176831592,4,tess2018292075959-s0004-0000000176831592-0124-s_lc.fits
231663901,1,tess2018206045859-s0001-0000000231663901-0120-s_lc.fits
7624182,4,tess2018292075959-s0004-0000000007624182-0124-s_lc.fits
318937509,7,tess2019006130736-s0007-0000000318937509-0131-s_lc.fits
286355915,18,tess2019306063752-s0018-0000000286355915-0162-s_lc.fits
234523599,1,tess2018206045859-s0001-0000000234523599-0120-s_lc.fits
240968774,17,tess2019279210107-s0017-0000000240968774-0161-s_lc.fits
